CreditScore,Geography,Gender,Age,Tenure,Balance,NumOfProducts,HasCrCard,IsActiveMember,EstimatedSalary,predicted_exited,predicted_churn_probability
790,Germany,Male,47,6,0.0,2,1,1,96782.0481,0,0.4669632634891134
521,France,Male,45,6,127520.52839999997,1,1,0,8495.636400000001,1,0.5928908220613947
712,France,Female,47,1,141350.78374999997,2,0,0,137203.31610000003,1,0.725370612196113
729,Spain,Female,48,10,0.0,2,1,0,153678.9672,1,0.6666473114594197
695,Germany,Male,62,8,136248.26134999996,1,1,1,18213.368400000003,1,0.7994831338555618
489,France,Female,57,8,137400.31754999998,2,1,1,87176.6226,1,0.7265859854676187
550,Spain,Female,43,9,96262.16967499998,1,1,1,83922.5286,0,0.4704253714902288
663,Germany,Male,77,9,0.0,3,1,1,58578.203700000005,1,0.8896444390999392
537,Spain,Male,40,1,136400.22982499996,1,1,1,78209.8902,0,0.31900362663051296
673,Germany,Male,46,5,96658.95934999998,2,0,0,158875.2306,1,0.7557348711840394
650,Spain,Male,52,4,257269.44284999996,1,1,0,138546.7011,1,0.7740987929692076
641,Spain,Male,50,5,135086.93442499998,1,1,1,81516.02670000002,0,0.4633235493564931
749,Spain,Female,38,3,0.0,1,1,0,2761.047,0,0.4653179880299131
653,France,Male,43,1,0.0,2,0,0,43237.4112,0,0.44176078973532484
611,Germany,Male,62,7,0.0,1,0,1,59603.9958,1,0.7650890567774391
578,France,Male,49,2,0.0,2,1,0,57156.759,1,0.5658665817367823
683,France,Male,48,7,144610.256925,2,1,0,83159.3952,1,0.6183285490349184
651,France,Male,66,2,0.0,1,1,0,92763.3708,1,0.8159110582636288
640,France,Male,50,8,145925.54929999996,1,1,1,127888.14600000001,0,0.4711048684910815
549,France,Female,62,1,0.0,1,0,1,6995.2005,1,0.7138562566217512
709,France,Male,52,9,156778.023975,1,0,1,62485.7085,0,0.48817885444838316
407,Spain,Male,47,1,0.0,1,1,1,39820.5072,0,0.37690418070296894
646,France,Male,62,8,78912.82117499999,1,0,0,139721.6061,1,0.8149728665766737
532,France,Female,50,5,0.0,2,0,1,143450.76510000002,1,0.5358008142710201
586,France,Female,70,3,62184.809624999994,2,0,1,51225.3801,1,0.8328556019053213
689,Spain,Female,38,3,0.0,2,1,1,155883.7062,0,0.29621605870269596
630,Spain,Male,42,4,108489.96499999998,1,0,0,118524.42450000002,1,0.5386962392248692
715,France,Female,48,0,0.0,2,1,1,269.5761,0,0.4130747877862213
724,France,Male,50,10,0.0,1,1,0,103556.2725,1,0.5679207943728423
714,Germany,Female,45,6,166737.40117499998,2,1,1,43702.9344,1,0.673258255625727
667,Germany,Male,50,9,0.0,1,1,1,78302.862,1,0.5616482210894375
668,Spain,Female,40,8,0.0,2,1,0,112157.21700000002,1,0.5360446668870796
674,Germany,Female,37,4,104668.38964999998,1,0,1,41102.5023,1,0.524299144367227
483,France,Female,40,9,0.0,2,0,0,110449.14570000001,1,0.5811372401252025
521,France,Female,87,6,0.0,2,1,1,39733.821,1,0.9372903988899097
585,France,Male,50,7,0.0,2,0,0,118387.15380000001,1,0.601774017620149
637,Germany,Male,40,1,161590.363425,1,1,0,83078.83260000001,1,0.7017190709829061
601,France,Female,48,0,0.0,2,1,0,133809.2865,1,0.6824325433477062
850,France,Female,65,10,130250.48579999998,1,1,0,126262.45170000002,1,0.8917126478525129
578,France,Female,45,2,0.0,2,0,1,21375.8352,0,0.4074382739042257
520,Germany,Female,41,3,144038.98982499997,1,1,1,148693.63590000002,1,0.6724481854122548
718,France,Female,47,7,0.0,2,1,1,44631.0729,0,0.40545510180096206
808,France,Male,42,1,0.0,2,1,1,37422.5751,0,0.20082662407739457
539,Germany,Male,48,5,0.0,2,1,0,38384.612100000006,1,0.7377884039559014
640,Germany,Male,73,2,90501.91512499998,2,1,1,91127.62440000002,1,0.8936300653274808
756,Germany,Male,39,2,155277.62127499998,2,1,0,3960.0171000000005,1,0.628327037987329
641,France,Male,47,7,0.0,2,1,0,60951.123,1,0.5150998245011038
772,Spain,Female,49,4,161987.88047499995,2,1,1,113974.4925,1,0.5555382357584308
555,Germany,Female,72,10,151852.94139999998,1,0,1,6840.045,1,0.9449491032738502
778,France,Male,44,5,183912.21934999997,2,0,0,55038.94920000001,1,0.5486141091550895
712,Germany,Female,39,7,194670.77007499998,1,1,1,68795.244,1,0.6069294775631284
707,Germany,Male,50,1,0.0,2,1,0,11413.224,1,0.7255873813068648
496,Germany,Female,44,1,135851.63037499998,2,1,0,146484.2961,1,0.8541889156635812
831,France,Male,40,2,0.0,2,0,1,2778.6078,0,0.17465484227681355
774,France,Male,63,4,150380.52279999998,1,1,1,124649.2233,1,0.6644465203088481
483,Germany,Male,51,1,156497.2969,1,0,0,132149.8719,1,0.866295710072741
593,Germany,Female,55,6,104821.01937499999,1,1,0,44831.296800000004,1,0.9119077146861667
651,Germany,Female,35,2,144384.12264999998,2,1,0,92798.8407,1,0.7170128265614161
654,Germany,Female,42,1,151440.599125,1,1,1,102176.01629999999,1,0.6513786407515962
850,France,Male,37,6,127825.8672,2,0,0,123719.52960000001,0,0.38430678573422494
599,Germany,Male,49,2,249921.937025,2,0,1,142675.0929,1,0.7168216708887539
718,France,Female,59,10,0.0,1,1,0,149424.5232,1,0.8174745426944288
727,Spain,Male,48,2,82361.31927499999,1,1,1,48017.439900000005,0,0.3655374528958199
621,Germany,Male,50,10,216656.40682499998,1,0,0,72510.77070000001,1,0.8531585976553714
529,Spain,Male,48,7,132041.70624999996,2,1,0,73107.4086,1,0.656209465303254
595,France,Female,49,7,159972.41692499997,1,0,0,18877.0581,1,0.7749487899753588
634,Germany,Male,53,3,281290.8832,1,1,0,93367.7766,1,0.8924941983509445
544,Germany,Male,47,3,111746.89897499999,1,0,0,64777.3929,1,0.7927581254614134
658,France,Male,52,8,136046.80492499997,1,0,1,84049.2855,0,0.49288316267345417
615,France,Male,42,7,121934.28839999998,1,1,1,2231.9793000000004,0,0.30199327964760325
822,Germany,Male,42,8,153883.45499999996,1,1,0,88126.6716,1,0.6880415551063045
728,France,Male,53,7,0.0,2,1,0,32419.197000000004,1,0.592576209146057
850,France,Male,50,8,135953.85962499998,1,1,0,49257.363600000004,1,0.6089342099677943
655,Germany,Female,47,4,143971.00009999998,1,1,0,64439.6148,1,0.8595854811763278
435,Germany,Male,54,3,200675.68712499997,1,1,0,135643.815,1,0.90282308149674
608,France,Male,52,10,216292.32257499997,1,1,0,31482.148500000003,1,0.7389552608943585
474,France,Male,55,10,0.0,2,0,0,139462.479,1,0.713488656431135
573,France,Male,41,2,0.0,2,1,1,74485.4859,0,0.23710924411591466
659,Germany,Male,46,2,100761.90979999996,2,1,1,120743.57340000001,1,0.5536833040843177
714,Germany,Female,59,5,185825.652025,1,1,0,114951.10140000001,1,0.9408434344804741
734,Germany,Male,40,3,0.0,2,1,0,87188.60250000001,1,0.572146189704038
546,France,Female,40,5,0.0,2,0,1,160819.9029,0,0.359683095784542
850,Germany,Male,32,7,121088.86704999997,2,0,0,8538.5178,0,0.46637733314615537
768,France,Female,46,5,238274.0844,2,1,0,14052.333600000002,1,0.7231645623527186
663,France,Male,56,3,0.0,2,0,1,142783.64100000003,0,0.47556557108846703
689,France,Female,39,1,102568.85477499997,2,1,1,99628.5906,0,0.3502380012183253
727,France,Male,57,7,0.0,2,1,0,156577.3335,1,0.6839729252962468
562,Germany,Male,42,6,213753.90284999998,1,1,0,74100.825,1,0.7704952237664092
555,Germany,Female,45,1,0.0,2,1,0,82350.27,1,0.7970491683922786
640,France,Female,57,6,118759.78584999999,2,0,1,11164.8537,1,0.6739109784517185
804,France,Male,34,3,0.0,2,1,0,140288.2173,0,0.2720559291671833
693,Germany,Male,54,5,164785.58954999998,2,1,1,38068.4853,1,0.7009482992983476
540,France,Male,58,2,144614.43602499997,1,1,0,71849.46239999999,1,0.80039995905365
625,Germany,Female,59,4,169947.54509999996,1,1,0,102718.23030000001,1,0.9431723089901969
531,Spain,Female,46,9,131245.57447499997,1,1,0,99740.9781,1,0.7503432196172896
493,Spain,Female,58,7,0.0,2,1,0,39321.530999999995,1,0.8269471916050879
850,Germany,Male,38,8,89453.31809999999,2,1,1,157338.6849,0,0.363942405258806
609,France,Male,42,7,156743.24222499997,1,0,0,3090.5388000000003,1,0.5408735619619292
567,Spain,Male,39,8,0.0,2,1,0,126461.83320000002,0,0.41623386680347546
639,Germany,Male,45,10,169509.98274999997,2,1,0,47865.6459,1,0.7619695918160908
728,France,Female,79,1,0.0,2,1,1,106761.9366,1,0.876691703618202
806,France,Male,44,6,0.0,2,0,0,81656.09190000001,0,0.4283347922356038
535,Germany,Male,58,9,144777.34157499997,1,1,0,127460.32830000001,1,0.9056892106021524
616,Germany,Female,38,10,139092.601775,1,0,1,24166.649699999998,1,0.5769736493721976
576,Germany,Female,51,4,148926.60597499998,1,0,0,154738.4958,1,0.909081773551057
721,Spain,Female,42,10,0.0,1,1,0,110257.1676,1,0.5690399409609886
661,France,Female,51,1,0.0,2,0,1,106353.5508,1,0.5105417793139025
588,France,Male,41,4,131730.74682499998,2,0,1,29060.3943,0,0.29852180717110316
630,Germany,Male,40,3,0.0,2,0,1,8494.218900000002,0,0.37328591349192675
790,France,Female,36,4,187241.81147499997,2,0,0,79630.5087,1,0.5415407947447335
509,France,Male,65,8,175083.01097499998,2,1,1,137991.6891,1,0.7582652330347694
529,Germany,Female,41,6,201430.70237499996,1,1,0,10573.942500000001,1,0.8345506970574722
767,Spain,Male,57,5,0.0,1,1,0,98791.21260000001,1,0.6823053687395135
639,France,Male,87,6,107024.66144999999,2,1,1,45221.692500000005,1,0.9113077003507035
850,France,Female,48,2,0.0,2,1,0,7302.206700000001,1,0.5961833616949613
534,France,Male,34,1,0.0,1,1,1,137419.18920000002,0,0.17791177486838258
749,France,Male,47,7,0.0,2,1,0,16448.499900000003,0,0.4765207464380118
581,Spain,Female,39,8,0.0,2,1,0,37855.5039,1,0.5251619464559664
544,Spain,Male,47,2,0.0,2,0,0,109404.2862,1,0.5670346817775078
620,France,Female,43,9,168801.717875,1,1,1,156101.23170000003,1,0.5043551380874806
628,Germany,Male,47,0,0.0,2,1,1,139083.4233,1,0.5183960923024065
544,France,Female,36,6,0.0,1,1,0,81162.32400000001,0,0.4915940195844354
566,Germany,Female,50,2,128284.2986,2,1,0,125133.66810000001,1,0.8896894530479439
495,France,Male,57,10,182085.34429999994,1,1,0,57567.8907,1,0.8108542687126518
451,Germany,Male,43,6,0.0,2,1,0,149812.8291,1,0.70399655347577
757,France,Male,46,7,191566.84934999995,1,0,0,105998.17950000001,1,0.6162726856153837
565,Germany,Female,42,9,90018.9249,1,1,0,116062.9398,1,0.8109965609866596
738,Spain,Female,47,8,132998.45565,1,1,1,104327.8866,1,0.5202281844604988
639,France,Male,49,6,199110.08517499996,1,1,0,24635.4777,1,0.6765094852745981
616,France,Male,69,5,203481.30474999998,1,1,1,14336.5788,1,0.79033733157046
697,Germany,Male,41,3,143895.16794999997,2,0,1,100298.9223,0,0.4839958857994372
636,Spain,Female,46,1,0.0,1,1,0,34939.00980000001,1,0.6421927392425788
670,Germany,Male,50,2,218145.02605,3,0,0,143392.68000000002,1,0.8421457649440591
800,France,Female,39,2,0.0,2,0,0,135896.5755,0,0.48331534872197424
686,Germany,Male,55,3,98228.51557499998,3,1,0,52575.058800000006,1,0.8321697198526267
431,Germany,Female,54,2,183620.79325,1,1,0,30527.5311,1,0.9326315023292687
718,France,Female,41,1,201897.83582499996,1,0,1,13874.1984,0,0.4380584728103332
623,Germany,Female,58,1,142930.94642499997,1,1,0,96272.7606,1,0.9347087289018782
775,France,Male,55,8,0.0,1,1,0,105605.11080000001,1,0.6409065973067322
698,Germany,Male,54,10,153890.55682499998,2,1,0,160427.91960000002,1,0.8589073940869386
549,France,Male,41,4,0.0,2,0,1,20804.728499999997,0,0.2383135815957413
641,Germany,Male,41,10,206281.129825,1,1,0,74123.67510000001,1,0.7384659595575782
547,Germany,Male,42,8,205948.75912499998,1,1,0,54909.89190000001,1,0.7670275631253957
478,Spain,Female,46,3,122150.46424999999,2,1,0,36379.287000000004,1,0.7364496228930915
655,Germany,Female,50,0,108384.95849999998,1,1,1,161026.73640000002,1,0.7575096883010679
554,France,Female,49,10,0.0,2,1,1,14897.463300000001,0,0.4782798844452974
850,Germany,Male,52,8,158487.990025,1,0,1,41322.9762,1,0.6458949307689158
626,Spain,Female,36,8,196537.26722499996,3,0,1,84646.63620000001,0,0.3751667460401417
529,Germany,Male,39,4,179541.80649999995,1,0,0,91379.1699,1,0.7273879616646718
750,Germany,Female,48,1,0.0,2,1,0,38689.6419,1,0.7920396498022105
507,France,Male,46,4,110486.10682499997,1,0,0,113508.88829999999,1,0.6306822476344522
603,France,Male,61,8,247076.81632499996,1,1,0,75929.1651,1,0.8595405456631828
610,Germany,Female,37,2,0.0,2,1,0,11782.875600000001,1,0.6619499444190834
691,Germany,Male,40,7,154637.13452499997,1,1,0,17170.6959,1,0.6740364049012069
554,France,Female,40,9,0.0,2,1,1,32659.443000000003,0,0.32728675774688654
640,Germany,Female,85,1,140592.210975,2,0,1,91877.30370000002,1,0.9754063875605613
769,France,Male,61,9,207333.32404999997,2,1,0,32608.8099,1,0.8095575414014151
662,Spain,Female,82,7,185549.02469999998,1,0,1,145199.52270000003,1,0.9469116649395036
806,France,Male,58,4,217817.97179999994,1,1,1,17365.9869,1,0.591546436862442
597,France,Male,77,2,0.0,2,0,1,88003.13850000002,1,0.8080012015148144
654,France,Female,50,3,0.0,2,1,0,135990.171,1,0.7019033900567244
664,France,Male,64,8,0.0,1,1,1,131802.94890000002,1,0.6204563349034694
711,Germany,Female,62,8,192109.70914999998,1,0,1,106493.38110000001,1,0.8952524123152413
785,Spain,Female,71,4,171734.18969999996,2,1,0,137874.00420000002,1,0.9380722877124423
768,France,Female,38,3,144308.62112499998,2,0,1,41238.24210000001,0,0.33418308428758275
645,France,Male,39,1,172098.3533,2,0,1,159144.22350000002,0,0.3008355547053437
623,France,Male,55,0,0.0,1,1,0,159192.3132,1,0.6863160804621602
850,France,Male,46,1,137642.08377499998,2,0,1,55561.14,0,0.3233722874352299
558,Germany,Female,46,0,167437.268175,2,1,1,139614.4512,1,0.7394457896546381
797,France,Male,34,5,0.0,2,1,0,147628.6641,0,0.2751035927295028
638,Germany,Female,43,5,171046.39712499996,1,1,1,45834.012,1,0.6723752985750893
722,France,Male,44,8,0.0,2,1,1,108092.4669,0,0.2538190962606657
767,France,Male,46,3,184065.8145,1,0,0,100342.95390000001,1,0.6072470315261256
834,Germany,Female,59,2,173769.30559999996,1,0,0,157436.2656,1,0.9351134953523473
566,Germany,Male,44,3,0.0,1,0,0,152389.9089,1,0.7085034369961856
579,Germany,Male,38,6,198810.300875,1,1,0,117902.32020000002,1,0.7118019673011116
669,France,Male,47,1,166012.82987499997,1,1,1,131431.35330000002,0,0.42247013993372157
527,Germany,Male,57,1,0.0,1,1,0,17262.8496,1,0.8482243842704513
615,Germany,Female,40,9,0.0,1,1,0,70751.73420000002,1,0.7282167999520993
657,Spain,Male,39,7,110943.24217499998,1,1,0,123978.2922,0,0.4742882096653678
822,France,Male,60,7,0.0,2,1,1,8150.868,0,0.46986403238443264
796,France,Female,60,1,124531.88999999998,1,1,1,153425.9394,1,0.7171845560551723
470,Spain,Female,41,2,134465.47845,2,1,0,36477.3375,1,0.669812200883272
778,Germany,Female,44,7,144898.52224999998,1,0,1,91567.9161,1,0.6549462518120452
527,Germany,Male,41,4,0.0,1,1,0,137183.13090000002,1,0.6626017093281242
798,France,Male,32,8,0.0,2,1,0,87168.4983,0,0.23783730277908613
547,Germany,Female,52,1,188725.24649999995,1,1,0,69828.0669,1,0.9173141979118908
711,France,Male,43,1,0.0,1,0,0,33688.224,0,0.43584399016814146
667,Germany,Male,33,1,0.0,2,1,0,74174.2839,0,0.4614007591206503
696,Spain,Male,51,9,168650.159375,1,0,1,155048.11020000002,1,0.5116696542628497
573,Germany,Female,57,4,201710.96657499997,1,0,1,132870.8367,1,0.8784829994391987
678,France,Female,51,1,189704.17422499997,1,1,0,159264.0468,1,0.8116363480970119
721,Germany,Male,50,3,0.0,1,1,1,117348.48270000001,1,0.554722431666055
622,Spain,Female,36,8,0.0,2,1,1,101221.50420000001,0,0.2725366446189773
350,Germany,Male,49,0,145122.15699999998,2,0,0,100117.70910000001,1,0.8534988199597197
655,Spain,Male,48,3,331812.72402499994,3,0,1,65653.74,1,0.530766264144005
849,Germany,Male,45,4,146582.89792499997,1,0,0,102400.03800000002,1,0.7300942675790036
698,France,Female,47,2,219770.43144999995,2,1,1,58298.0895,1,0.5542225594861843
850,Spain,Male,54,8,0.0,2,1,1,148730.02920000002,0,0.396751974485083
736,Germany,Female,73,10,0.0,2,0,1,407.187,1,0.9067656241133679
554,Germany,Female,46,3,208665.27992499995,2,1,0,4932.1953,1,0.8718001297764909
785,Germany,Female,43,6,168237.14262499998,1,0,0,155489.0823,1,0.8255971802627298
561,France,Male,39,9,159054.60192499997,1,1,1,140835.01590000003,0,0.31487589559526474
692,Germany,Male,59,6,146189.71867499998,2,0,1,87053.12190000001,1,0.7746076096591763
652,Spain,Female,43,3,165090.99447499998,1,1,0,158660.4186,1,0.7088438584030484
756,France,Male,77,4,0.0,3,1,1,75396.3147,1,0.765779941022923
576,Spain,Male,29,6,0.0,2,0,0,58567.91670000001,0,0.24926146665443924
526,Spain,Male,48,2,0.0,2,0,0,46988.893800000005,1,0.5760657762397421
782,France,Female,80,7,128378.27544999999,1,0,1,106253.5482,1,0.9157323991009583
703,Spain,Male,30,3,218557.64604999998,1,1,1,33717.6918,0,0.185375004547252
663,Germany,Male,41,4,136786.320475,2,0,1,29548.208700000003,0,0.473256381724704
651,Germany,Female,55,10,179758.37909999996,1,1,0,15173.600400000001,1,0.9203223186744651
633,France,Male,39,10,172197.80529999995,1,1,0,149570.4447,1,0.516436406715564
605,France,Male,49,3,0.0,2,1,0,161506.26450000002,1,0.5812267515125693
682,France,Female,56,2,0.0,1,1,1,92698.5546,1,0.5959807095156807
850,Spain,Male,58,2,0.0,1,1,0,137234.493,1,0.6854505603861848
616,Germany,Female,46,10,103485.00342499999,1,1,0,110917.2771,1,0.848290888545184
517,Spain,Male,56,4,0.0,1,1,0,18121.951800000003,1,0.7086609264684497
775,Germany,Male,42,8,160907.55667499997,1,0,1,101977.6959,1,0.505035918918068
594,France,Male,71,3,82512.38844999998,1,1,1,155871.6291,1,0.7862296238713704
554,Germany,Female,47,4,77538.13532499998,1,0,0,147451.26600000003,1,0.8636698517006317
634,Germany,Female,39,8,171972.88772499998,2,0,1,56578.135500000004,1,0.6056270734502849
667,France,Male,37,7,207383.52614999996,1,1,1,121016.09790000001,0,0.2833004704400606
813,France,Male,39,6,0.0,1,1,0,27502.634700000002,0,0.33548706337434064
593,Spain,Male,54,5,0.0,1,1,0,103718.0538,1,0.6767387894696761
740,Germany,Female,46,4,144211.48349999997,1,0,0,76589.33940000001,1,0.8437464302664047
481,France,Female,44,5,0.0,2,1,1,101455.30260000001,0,0.4262649814332808
597,Germany,Female,56,4,0.0,2,1,0,47520.399600000004,1,0.8896503148396175
626,Germany,Female,33,6,113600.03887499997,1,1,0,88891.668,1,0.6853104231726036
555,France,Female,54,3,139881.75074999998,3,1,0,49032.5076,1,0.8163187084988648
633,France,Female,43,3,0.0,2,1,0,154799.92620000002,1,0.5965266118477036
517,Germany,Male,63,0,144381.13379999998,1,1,0,44287.640999999996,1,0.9283423731139264
503,France,Female,38,5,0.0,2,1,0,101993.71770000001,1,0.5313062979541846
848,Germany,Female,50,5,196385.4839,1,0,0,128671.72380000002,1,0.8849897874570214
597,France,Male,38,2,0.0,3,1,1,63753.45570000001,0,0.18753222209806447
555,France,Male,34,5,0.0,2,1,0,22285.910700000004,0,0.3059469188596263
609,Spain,Female,55,4,117864.24174999997,1,1,1,161398.1538,1,0.6905904539036597
686,Germany,Female,49,4,208600.04099999997,2,1,0,131884.68600000002,1,0.8911970588389752
537,Spain,Female,43,7,179968.44499999998,1,1,0,50824.6974,1,0.7231964095266982
769,Germany,Female,83,1,0.0,1,1,1,24131.6091,1,0.9523044999445843
714,Spain,Male,55,8,199565.63352499998,2,0,1,113310.2115,1,0.5774618761809723
770,France,Female,78,2,242751.80489999996,1,0,0,129241.3968,1,0.9691052539662368
463,France,Male,45,2,133912.5941,1,1,1,95672.0484,0,0.41337158761245035
644,France,Female,56,9,126221.079575,1,1,0,88096.4505,1,0.8370004149325989
545,France,Male,33,2,0.0,2,1,0,153586.6272,0,0.3168797519988888
661,Spain,Male,30,8,0.0,1,1,0,89304.5493,0,0.25479516201156477
629,Germany,Male,38,8,143624.82249999998,1,1,1,96914.637,0,0.45330102018351687
780,France,Female,53,0,0.0,1,0,1,12721.2687,1,0.5057216228865169
518,France,Female,48,10,112101.43477499997,1,1,1,131425.659,1,0.5790101056642194
694,Germany,Male,41,4,187780.80957499996,2,1,0,21154.6242,1,0.6976929402696679
581,France,Male,81,4,0.0,2,1,1,160025.2848,1,0.8557289467096766
521,Germany,Female,42,2,180594.000725,2,1,1,104776.10010000001,1,0.689930392489935
707,France,Female,56,7,168587.97542499998,2,1,1,118269.35549999999,1,0.6855475396960566
741,France,Male,42,5,0.0,1,1,1,52519.776300000005,0,0.22322147253070942
633,Germany,Female,46,6,165484.79529999997,1,0,0,102028.7988,1,0.8675858674433438
484,France,Female,39,4,172076.28077499996,1,1,0,132854.49090000003,1,0.676397842240243
675,Germany,Male,59,8,178713.908275,1,0,1,145412.20440000002,1,0.8078179618095184
720,Germany,Male,31,2,162933.03154999999,1,1,1,146376.9468,0,0.3318030832353943
725,France,Male,36,6,130509.78837499996,1,0,0,108313.66170000001,0,0.40863153270274244
471,Spain,Male,36,8,0.0,2,1,1,145521.2547,0,0.21202439080127408
637,Germany,Female,37,7,179652.222025,1,1,1,82148.6205,1,0.5849840616303396
706,Germany,Female,56,4,139146.28204999998,1,1,0,88046.6679,1,0.9178605294347489
699,Germany,Male,44,4,244892.36372499997,2,1,0,97875.9288,1,0.7794252111481836
746,Germany,Male,44,6,187538.43499999997,2,1,1,148630.84470000002,1,0.5574843442606561
792,France,Male,44,1,0.0,1,0,1,69927.55920000002,0,0.24621569954888226
609,France,Male,36,7,0.0,2,1,0,79755.8319,0,0.3359675551842218
838,Germany,Female,50,6,81560.148775,1,0,1,122034.07350000001,1,0.7047812774107142
626,Spain,Male,72,3,0.0,1,1,1,52658.6994,1,0.7458088070134876
673,France,Female,53,5,222272.217925,1,1,1,119063.71440000001,1,0.6867007553161406
751,France,Female,40,6,0.0,2,1,0,12770.541,0,0.4817406704861909
771,Germany,Female,51,10,143238.65249999997,4,1,1,111383.4321,1,0.7315021213684849
613,France,Male,54,3,0.0,2,0,1,110558.29320000001,0,0.44609436315768053
786,Germany,Female,49,7,0.0,2,0,0,81752.9679,1,0.8082935503657349
741,France,Female,45,1,0.0,2,1,0,29611.615500000007,1,0.5766131637219771
754,France,Male,38,8,0.0,2,1,1,42618.652200000004,0,0.1677169649772976
524,France,Male,38,1,123755.97924999997,1,1,1,41853.364199999996,0,0.27020001532161464
610,Spain,Male,39,9,0.0,3,0,1,67968.91440000001,0,0.20876205280921067
752,France,Female,63,8,151073.38054999997,1,1,1,41785.502400000005,1,0.7632145428869013
694,France,Male,46,3,128983.75562499998,1,1,1,94883.73210000001,0,0.3686445680823125
548,Spain,Male,48,0,235479.77414999998,2,1,0,31132.131300000005,1,0.7012221447289282
639,Spain,Male,44,5,184347.49377499998,2,0,0,27499.564800000004,1,0.5894113013896005
503,France,Male,48,1,0.0,2,1,1,77074.12440000002,0,0.3571196001064399
707,Germany,Female,63,6,145029.93907499997,1,1,1,42209.4645,1,0.8824433980289533
813,Germany,Female,35,5,163482.728675,1,0,1,107697.0573,1,0.5039915529632434
671,Germany,Female,54,0,112075.30217499999,2,0,1,28085.923800000004,1,0.7830786304281281
717,Spain,Female,32,6,133652.18062499998,1,0,1,68606.64360000001,0,0.2725630210335539
705,France,Female,65,8,0.0,2,1,1,11658.070800000001,1,0.7108932555948497
688,Germany,Male,55,9,136746.32807499997,1,0,0,105195.45330000001,1,0.8662585785329191
655,Germany,Female,56,7,181374.42119999995,1,1,0,93268.584,1,0.9298647351844281
580,Germany,Female,45,1,135023.718925,1,0,1,136311.53850000002,1,0.7178577859278717
586,Spain,Male,52,6,0.0,2,1,1,99962.28629999999,0,0.4195868426926421
771,Germany,Male,61,5,179207.45204999996,3,1,1,123508.5084,1,0.7921847436841755
585,Spain,Female,66,1,169905.278,1,1,0,151046.29710000003,1,0.9323091604653133
721,France,Male,46,1,205221.35767499995,2,1,1,40219.2297,0,0.3859404435520477
547,Spain,Female,32,7,186852.25587499994,1,1,0,95695.6599,1,0.5533683246434529
594,France,Female,63,4,0.0,1,1,0,4381.0794000000005,1,0.8568540853900911
799,Germany,Female,73,1,145890.54272499998,2,1,0,30345.84,1,0.9694491155587477
743,France,Male,53,5,0.0,2,0,0,91594.14390000001,1,0.6070771070795673
688,Germany,Female,49,0,0.0,2,1,0,43109.94150000001,1,0.814390550458658
750,France,Female,47,6,0.0,1,1,1,95537.88,0,0.4189726044502131
731,France,Female,50,7,157366.64227499996,1,1,1,126399.39840000002,1,0.5856014517696917
682,France,Female,68,1,0.0,1,1,1,572.265,1,0.7635271420156668
619,Spain,Male,44,1,0.0,1,1,0,113334.69780000001,0,0.49903669269079903
598,France,Female,50,9,0.0,1,1,0,55454.6979,1,0.7102931091081498
702,Spain,Male,42,8,94780.58614999999,1,1,1,102126.5658,0,0.29461063768466533
711,France,Female,35,5,251362.99914999996,1,0,0,41589.765900000006,1,0.5889314492006488
754,Spain,Female,29,9,0.0,1,1,0,153609.29909999997,0,0.34146752120119467
825,France,Male,44,9,0.0,2,1,1,25865.7786,0,0.2210480831093056
695,Spain,Male,54,8,0.0,2,1,1,57489.045300000005,0,0.4175929906565134
593,Germany,Female,72,3,156364.21372499998,1,0,1,20060.0793,1,0.9437679419574159
678,France,Female,32,4,231242.94702499997,1,1,1,22800.738600000004,0,0.3111610703943951
559,France,Female,52,7,0.0,2,1,1,153932.6349,1,0.5604233176943664
591,Spain,Female,49,3,0.0,3,1,0,113780.19780000001,1,0.6956332810500223
683,Germany,Male,48,3,166837.13089999996,1,0,0,12456.7875,1,0.796141569783387
524,Germany,Female,38,7,0.0,2,0,1,119151.58320000002,1,0.5204493094557384
616,Spain,Male,40,2,0.0,2,1,0,161270.6031,0,0.42735654652667526
525,Germany,Female,40,0,208940.73022499995,2,1,1,81557.0127,1,0.6689369108753926
664,France,Female,44,7,124209.82157499998,1,0,0,145730.3238,1,0.6942696775329471
604,Germany,Female,38,6,0.0,2,1,1,55935.5706,0,0.478526313262337
624,Spain,Female,45,7,158245.65512499996,2,1,1,3721.9905000000003,0,0.49741606414290723
629,Germany,Male,45,8,148557.522675,1,1,1,73710.82620000001,1,0.5767586946779021
789,Germany,Female,42,7,91812.60519999999,1,1,0,87074.5059,1,0.7675759079296285
662,Germany,Male,39,5,194530.02962499997,1,1,0,8851.922999999999,1,0.6857714107794425
797,France,Male,40,10,91799.27439999998,1,1,1,60456.43170000001,0,0.23111202091248179
718,Germany,Female,35,4,143745.10387499997,1,1,0,51055.0857,1,0.7042758859892255
622,Germany,Female,44,7,130498.66614999999,1,1,0,112514.5485,1,0.8375565513133215
574,France,Female,49,2,162038.796725,2,1,0,71655.54030000001,1,0.7745223581457304
508,France,Female,53,9,0.0,1,1,0,84018.6351,1,0.7745444563904992
561,Germany,Female,59,1,134928.4857,1,1,0,107771.82840000001,1,0.9420793919901035
714,Germany,Female,59,4,123070.97714999998,1,1,0,6132.923100000001,1,0.9247002901430581
556,France,Male,50,5,166515.77662499997,1,1,1,77050.764,0,0.4952982246518396
496,Germany,Female,53,3,0.0,2,0,1,161599.4793,1,0.7731985457527963
589,Germany,Female,49,7,0.0,2,0,0,77748.3684,1,0.8383949140238822
623,France,Female,45,5,0.0,2,1,0,81965.58480000001,1,0.6186268286809349
659,France,Male,45,6,0.0,2,1,1,47692.0791,0,0.27032307291986507
691,France,Male,36,9,180684.168775,1,1,0,124114.68000000001,0,0.44687826678595716
531,Germany,Female,42,0,144906.602725,2,1,1,139360.3704,1,0.6737313486819216
807,France,Female,57,9,221736.73767499995,1,0,0,101606.4891,1,0.860544969971942
649,France,Male,48,1,161628.01499999996,1,0,1,72062.02260000001,0,0.4363390886126046
607,France,Female,42,6,0.0,2,0,0,158810.2281,1,0.5935809043358586
451,France,Female,41,7,186382.33195,1,0,1,16514.9037,1,0.5007695315508579
529,France,Female,53,0,163746.47485,1,1,1,63555.831900000005,1,0.6758708336846333
663,France,Male,34,7,0.0,2,1,1,134711.7642,0,0.15276815804012256
574,Germany,Female,49,5,157395.82984999998,1,1,0,83771.74710000001,1,0.8904228686815486
519,France,Male,44,5,0.0,1,1,0,55468.47600000001,1,0.5037643816201406
562,France,Male,52,2,132565.21787499997,1,0,0,70305.9021,1,0.7164087625274497
625,France,Male,55,7,181917.06939999998,1,0,0,100932.237,1,0.7744969493758179
727,Germany,Male,69,5,201788.45184999995,1,1,0,58182.381,1,0.949490124952777
732,France,Female,46,9,0.0,1,0,0,3036.69,1,0.609652861074502
528,France,Female,42,4,113226.71034999998,2,1,0,126515.8683,1,0.6685236057844421
595,Germany,Male,40,9,172827.09047499998,2,1,1,46868.932799999995,0,0.4949184760531374
738,Germany,Male,36,9,0.0,2,1,1,39402.4014,0,0.28558412108265196
718,France,Male,62,8,105106.08425,3,1,1,26261.269200000002,1,0.5933483862709958
588,France,Female,37,8,0.0,1,1,0,16253.767800000001,0,0.484045088225167
706,Germany,Female,39,6,245382.41609999994,1,1,0,138540.4803,1,0.8191255652246456
786,Spain,Male,39,7,106984.21939999999,2,1,0,52605.9117,0,0.4109809578100417
768,France,Female,50,8,0.0,2,0,1,55955.172600000005,0,0.4543062633203666
720,France,Male,62,7,0.0,1,1,1,11972.707200000003,1,0.5454421340792979
603,France,Male,45,6,170594.24759999997,2,1,0,105691.6836,1,0.6078776822707262
850,France,Female,38,1,139186.96214999998,1,0,1,60571.90530000001,0,0.3255011129847484
716,France,Male,48,4,0.0,2,1,0,153639.74700000003,1,0.532660061386933
747,Spain,Male,47,1,0.0,2,0,1,146246.92560000002,0,0.31133067032858336
618,France,Male,66,7,0.0,1,1,1,115344.2187,1,0.6614406336881713
642,Germany,Female,66,6,136541.32734999998,2,1,0,115870.27320000001,1,0.9598839013760809
775,Germany,Female,48,6,237899.77722499997,2,0,0,124029.28979999998,1,0.8841921737962849
610,Germany,Male,47,0,0.0,1,1,0,92756.85840000001,1,0.7264441289051882
541,Germany,Male,46,5,0.0,2,1,0,101084.6304,1,0.7196980012265399
703,Germany,Male,60,8,211784.60777499995,2,1,1,64244.421,1,0.8053981711315598
556,Germany,Male,44,8,216568.71184999996,1,1,1,84240.04860000001,1,0.622791170433016
654,Spain,Male,50,5,139766.600675,1,1,0,140629.8429,1,0.6858084147369888
764,France,Female,50,9,132885.50092499997,1,1,0,100517.5089,1,0.7509269625130877
669,France,Female,52,9,0.0,2,0,0,109860.55920000002,1,0.7295333988351015
775,Germany,Male,46,2,145407.61862499997,2,0,1,58062.85739999999,1,0.5446374512522468
456,Spain,Male,42,9,195077.01562499997,1,1,1,109673.36009999999,0,0.41532919230027315
714,France,Female,50,0,0.0,2,1,0,50837.317200000005,1,0.6716693987718482
616,France,Male,33,8,96691.87637499998,1,1,1,50813.770500000006,0,0.18098482075014138
587,Germany,Male,50,5,182824.91274999996,2,1,0,129128.66100000001,1,0.8430598070917552
683,Spain,Male,66,7,67330.075225,3,0,0,79079.7411,1,0.8313609647284486
560,Spain,Female,41,5,165764.38502499997,1,1,0,64433.3859,1,0.6824848533762183
523,Germany,Male,73,6,153710.56457499997,1,1,1,96717.7503,1,0.9221495044603234
683,Germany,Female,49,2,132332.20659999998,2,1,0,88453.1583,1,0.8663234041380622
667,France,Male,54,8,161712.48307499997,1,1,1,74366.67510000001,1,0.5344122285591086
645,France,Female,48,7,78779.43382499999,1,1,1,135855.83250000002,1,0.5244613000635007
536,France,Male,56,1,86932.43472499998,1,1,0,49486.569299999996,1,0.7462988813649192
630,Spain,Female,59,1,0.0,2,0,1,131915.21490000002,1,0.6713900714777964
422,France,Male,64,3,185169.07045,1,0,1,69944.28570000001,1,0.7685674231384194
724,France,Female,39,6,0.0,2,0,1,52430.9031,0,0.2822987644587447
631,Germany,Male,61,8,133115.97299999997,1,1,0,138986.199,1,0.9132903097033542
666,France,Female,37,1,112710.34022499999,1,0,1,52254.2664,0,0.3363262043482104
550,Germany,Male,48,2,136735.10004999998,1,0,1,73611.28530000002,1,0.6459638136723947
753,Germany,Female,57,1,173460.224125,1,1,0,159930.19890000002,1,0.929889323128186
670,France,Male,48,10,118253.96927499998,1,0,0,116863.06590000002,1,0.6299890901491119
714,Germany,Male,49,3,198226.20552499997,2,1,0,51715.551600000006,1,0.8091137253678858
717,Germany,Female,43,0,153115.38667499996,1,1,1,66021.56100000002,1,0.6460703932402504
571,France,Male,50,10,149306.09735,1,1,1,98336.0493,0,0.48565467891516445
665,France,Male,49,10,61262.921324999996,1,1,0,110817.7362,1,0.6058597843462984
464,Germany,Male,47,4,206302.26337499998,1,0,0,116369.00640000001,1,0.8479429890956418
675,France,Female,44,10,112339.20704999998,1,0,0,118446.81030000001,1,0.6804685709019466
570,France,Female,53,9,0.0,2,0,1,9247.9806,1,0.5510094741991919
599,Germany,Male,55,10,136988.58362499997,1,1,0,107023.4289,1,0.8743701565115439
679,France,Male,70,6,0.0,2,1,1,62638.73370000001,1,0.6898695888658989
693,France,Female,40,6,169269.750625,1,1,1,40870.331999999995,0,0.40655119660570843
715,Germany,Male,44,4,164405.86012499998,1,0,0,79204.1652,1,0.7488643287431209
501,Spain,Male,53,6,138245.2099,1,0,0,65710.1079,1,0.753660962988021
554,France,Male,50,4,0.0,1,0,1,136711.8324,0,0.40816785315081033
601,France,Male,51,1,163951.8591,1,0,1,139980.14190000002,1,0.5191666293334227
645,France,Male,54,10,0.0,2,0,1,135032.8482,0,0.44415219648799625
495,Germany,Male,40,10,171602.296775,1,0,0,139927.2165,1,0.7532226162548527
606,Germany,Male,47,6,108939.53564999998,1,0,0,139746.789,1,0.7917501182243404
787,Germany,Female,52,2,98505.05032499999,2,0,1,35861.86710000001,1,0.728779787710533
633,Germany,Female,52,1,0.0,2,1,0,46061.152200000004,1,0.8528417082936979
669,Germany,Male,40,7,125807.91734999999,1,0,0,16037.400599999999,1,0.6682985052651965
506,Germany,Male,38,8,70163.5976,1,0,1,19907.6454,0,0.4286621857658701
779,Spain,Female,48,7,0.0,2,1,1,112219.7247,0,0.4312985329542872
445,Germany,Female,48,6,157924.51244999995,2,1,0,142362.65159999998,1,0.897330789060076
787,Germany,Male,43,1,167413.70122499997,2,0,1,50352.4593,0,0.49994758881290935
640,Germany,Female,43,6,112041.04942499998,2,1,1,91569.5199,1,0.6359362052131259
552,Spain,Female,44,4,0.0,2,1,0,113632.2189,1,0.6353257795307856
606,Germany,Male,48,3,132114.48342499998,1,0,0,30014.266500000005,1,0.7973629217958351
850,France,Male,76,4,0.0,2,0,1,52124.148,1,0.7435289882242304
682,Germany,Female,58,7,0.0,2,1,0,52705.914300000004,1,0.895383091297889
594,France,Female,59,4,0.0,2,1,1,19141.555500000002,1,0.6433582407426004
615,France,Male,55,5,0.0,2,1,1,133558.17840000003,0,0.4622239023076016
651,Germany,Male,57,2,0.0,2,1,1,97044.9984,1,0.6757120392142552
673,France,Female,47,10,0.0,2,1,1,30303.193499999998,0,0.41460812525581203
584,Spain,Female,48,3,0.0,2,1,1,3665.5739999999996,0,0.45875249283032976
583,France,Female,67,3,315267.54809999996,1,0,1,119851.64190000002,1,0.8962898597351678
541,France,Male,39,7,168624.793825,1,0,0,69800.87520000001,1,0.527364531533145
526,Spain,Male,40,8,0.0,1,1,0,29363.31,0,0.4352128722548661
584,Spain,Female,40,5,0.0,2,1,1,150013.2798,0,0.3514666632026045
790,Germany,Female,44,2,216905.1823,1,1,0,161530.5321,1,0.8486294261794216
605,Spain,Female,58,6,0.0,2,1,1,32451.0219,1,0.6363984362015966
572,Germany,Female,29,1,183373.98829999994,1,1,1,13091.074200000001,0,0.4456384499015391
850,Germany,Female,49,7,104821.33677499999,1,0,1,151397.6994,1,0.7051684178375167
489,Spain,Male,68,4,0.0,2,1,1,155049.6492,1,0.7268109994457156
575,Spain,Female,40,8,0.0,2,1,0,150126.72030000002,1,0.5688304362295274
813,Germany,Male,69,2,178641.19722499998,1,1,0,151985.2086,1,0.9458950900574669
650,France,Male,70,8,0.0,2,1,1,83369.86559999999,1,0.7005816511755978
589,Germany,Male,48,8,121959.90522499998,1,1,0,80276.64570000001,1,0.7994445729544593
845,Germany,Male,43,8,217399.86342499996,1,1,0,122038.6257,1,0.7374847553823087
665,France,Female,33,9,190007.41025,1,1,1,93269.33730000001,0,0.3206470250943509
664,Germany,Male,35,6,228544.82219999997,2,1,1,87487.0065,0,0.4313394348378331
637,Germany,Male,38,3,163561.100025,1,1,1,134831.3121,0,0.4713637782092365
630,Germany,Male,52,6,0.0,2,1,0,131785.3233,1,0.7870774858890013
674,Germany,Male,44,2,202075.22275,1,1,0,142324.614,1,0.779295088741095
702,Spain,Male,53,6,153570.90857499995,1,1,0,49897.9602,1,0.7115217595652847
634,Spain,Male,46,2,113729.961275,1,1,0,12869.0208,1,0.5824107887804684
465,France,Male,43,5,0.0,2,0,1,63745.452900000004,0,0.29115028743806537
567,Spain,Male,50,4,156886.588,1,0,0,74498.64030000001,1,0.7080892950957347
678,France,Female,44,6,0.0,2,1,1,100920.2004,0,0.37572885741093126
577,Germany,Male,53,6,0.0,2,1,1,121060.8261,1,0.6339103523726829
613,Spain,Male,39,0,0.0,2,0,1,108456.82920000001,0,0.2209009771539904
646,Spain,Male,42,1,0.0,2,1,0,148464.26820000002,0,0.4520047617944825
669,Spain,Female,43,8,0.0,2,0,1,104115.82050000002,0,0.3777728958108209
691,France,Female,39,9,0.0,2,0,0,161705.10330000002,1,0.5193553766110784
669,Spain,Male,39,9,0.0,1,1,1,76060.30410000001,0,0.21047590578564215
460,Germany,Female,50,6,158048.77455,2,1,0,74164.11030000001,1,0.9035045661119422
617,Germany,Male,64,6,135082.66274999996,1,1,1,36713.460600000006,1,0.8351102803118566
850,France,Female,42,7,0.0,2,0,0,125733.87000000002,1,0.5226263531602701
542,France,Female,52,1,0.0,1,1,1,144387.8298,1,0.5731726792090844
600,Germany,Male,53,8,176394.26972499996,1,1,0,143676.7146,1,0.8730156194162875
644,Germany,Male,45,5,213704.24297499997,3,1,1,51674.45220000001,1,0.5862522121481311
791,Germany,Female,43,10,172228.79147499998,2,0,0,43756.143299999996,1,0.8049881622490322
729,Germany,Female,46,8,144293.743,1,0,0,98262.00720000001,1,0.8481470827472836
772,Spain,Male,51,10,127002.61094999999,1,1,1,61418.71170000001,0,0.4378064276844553
490,Spain,Male,41,3,192106.65417499997,1,0,1,92394.0837,0,0.3890767931251797
491,Spain,Female,71,8,0.0,2,0,1,113287.8393,1,0.8476757603073186
477,France,Female,67,9,150796.26389999996,2,1,1,57645.4077,1,0.8481710914456665
698,France,Male,58,4,133887.57239999998,2,0,1,144030.8547,1,0.5886406347826029
793,Germany,Male,64,2,170557.70692499998,1,0,0,15093.054000000002,1,0.9174660844960558
664,France,Male,50,9,0.0,2,1,0,157761.513,1,0.5836453883074447
675,Germany,Female,71,5,82067.96232499999,3,1,0,134707.1796,1,0.9653677222461927
754,Germany,Female,49,3,212606.96472499997,1,1,1,19566.3843,1,0.7522395890712968
463,Germany,Female,51,8,162867.87197499996,2,1,0,56803.6233,1,0.9092433952199902
636,France,Female,58,1,225927.25084999995,1,1,0,89513.32680000001,1,0.8852529950429279
638,Spain,Male,44,5,193983.99582499996,1,1,0,82765.6866,1,0.612036428349508
678,France,Male,38,2,144333.84119999997,1,1,1,47639.6721,0,0.24988362682472356
351,Germany,Female,67,4,215761.19334999996,1,1,0,137393.5689,1,0.9787103558219918
740,Germany,Male,46,4,227974.93049999996,1,1,1,70049.0349,1,0.6137015774536998
526,Germany,Male,45,5,0.0,2,1,1,85550.6934,0,0.49891438322127174
559,France,Male,44,4,0.0,2,1,1,54044.8038,0,0.27810435677615564
696,Spain,Female,46,3,0.0,3,1,0,52682.319,1,0.6094075857637942
608,Germany,Male,44,3,140566.59414999996,1,1,1,29677.792500000003,1,0.5491334635928196
619,France,Male,35,4,0.0,1,1,0,117874.73159999998,0,0.33478948363152866
546,Germany,Female,68,3,140791.11497499997,4,1,0,104394.3147,1,0.9653758917468467
458,Germany,Female,38,2,227380.41384999995,2,1,1,7758.3744,1,0.6493121629008705
627,Germany,Male,83,0,193521.06792499998,1,0,1,35328.69270000001,1,0.9590193611647511
629,France,Female,50,6,0.0,2,1,1,112878.603,0,0.4968417942970477
661,France,Male,58,3,159123.91414999997,1,0,0,78135.2325,1,0.7907557847501024
658,Germany,Male,47,3,223153.01614999995,2,0,0,56999.894400000005,1,0.8108900118708136
699,France,Female,50,8,161395.70464999997,1,1,0,82689.13350000001,1,0.7739797576363606
850,France,Male,41,6,174565.58284999998,2,1,1,144785.41830000002,0,0.2793867433447166
554,Spain,Male,36,8,197230.32334999996,1,1,1,144152.6544,0,0.3006616736297293
591,Spain,Male,39,1,128998.28989999997,1,1,1,159048.4977,0,0.3021816044291015
645,Germany,Female,41,1,170507.18742499995,1,1,1,2308.5081000000005,1,0.6283510887090528
539,Germany,Male,40,0,0.0,2,1,0,130393.52460000002,1,0.6306123374478058
538,Spain,Male,49,2,162367.95375,2,1,1,47358.334800000004,0,0.4709764477456144
677,France,Female,68,1,119055.21912499999,1,0,1,2420.5068,1,0.8197453581208806
564,Germany,Male,41,0,165544.70454999997,1,1,1,58933.437300000005,1,0.5290630675334422
836,Spain,Female,51,7,198775.50589999996,1,1,1,126389.3139,1,0.6114846653106479
759,France,Female,43,2,0.0,2,1,0,45832.9428,1,0.5400176881651053
536,France,Male,42,7,235420.20874999996,2,1,0,18123.863400000002,1,0.5955012240641951
657,Germany,Male,35,2,227166.55237499997,1,1,0,18423.855,1,0.6430406707196673
505,France,Male,59,7,105801.62667499998,1,0,0,109495.88909999999,1,0.8115686601347442
551,France,Male,62,1,0.0,1,0,0,51503.4855,1,0.7853985421054431
661,Germany,Female,42,1,193058.854175,1,0,1,45875.3868,1,0.6688389144836491
731,Germany,Female,49,2,167714.39805,1,1,1,60629.253300000004,1,0.7414834245432396
705,Germany,Female,56,5,118185.09347499999,1,0,1,112721.3415,1,0.8221563895100197
737,Germany,Female,53,1,166023.18504999997,1,1,0,112193.10810000001,1,0.9049123008347403
775,Germany,Male,80,6,158283.25379999998,2,1,1,60370.936200000004,1,0.9334061840002761
644,France,Female,34,8,122675.82737499998,1,1,0,29076.3675,0,0.4974805329005531
569,Germany,Female,51,4,184938.87609999994,1,1,1,132455.007,1,0.8145681370954715
686,Germany,Female,48,2,123746.13984999998,3,0,0,8211.2454,1,0.8430716719985968
618,France,Female,34,7,170253.87577499996,1,0,1,30089.564100000003,0,0.3296045990808308
599,Spain,Male,52,6,0.0,2,1,0,92233.404,1,0.6301032261220718
756,France,Male,70,2,0.0,1,1,1,134875.92690000002,1,0.6949937544263558
586,Germany,Male,44,9,98274.72372499999,1,1,0,12178.2933,1,0.7266567385304475
553,France,Male,47,1,0.0,1,1,0,24673.8555,1,0.5411650149779377
708,Germany,Male,52,9,233688.87109999996,2,1,1,84891.83940000001,1,0.7138931035378324
651,France,Male,38,10,105222.04104999997,1,1,1,60496.769700000004,0,0.23958828563641751
571,France,Male,51,8,0.0,1,1,1,51626.2977,0,0.39763523159963726
747,Germany,Female,42,5,89262.19039999998,2,0,1,62669.9997,1,0.5774806695677588
509,France,Male,45,8,0.0,2,0,1,54619.336800000005,0,0.31031982026275573
812,France,Male,44,5,137299.87367499998,1,1,1,134490.9987,0,0.32063955231666025
605,France,Female,46,6,0.0,1,0,1,559.5804,0,0.42548044074353286
589,Germany,Female,29,9,110422.282975,1,1,1,115848.0711,0,0.4180900157380094
682,France,Male,52,0,0.0,1,1,1,130271.47380000002,0,0.40147952347954036
665,Germany,Female,42,10,0.0,1,1,1,18214.8345,1,0.5382438685977023
699,Germany,Male,41,8,166539.13197499997,2,1,0,119605.79070000001,1,0.7036080466916285
850,France,Female,52,9,149853.94297499998,1,1,1,160536.9375,1,0.5924734643467042
569,France,Male,51,4,159022.015525,1,1,0,132151.52430000002,1,0.7200991705422997
571,France,Male,44,1,131357.36539999998,2,0,1,150702.2415,0,0.3735263176841278
707,Germany,Male,39,4,0.0,2,1,0,113362.69140000001,1,0.5673436420310027
622,Germany,Male,45,8,0.0,2,1,1,106735.73310000001,0,0.4783975297819998
645,Germany,Male,35,1,208166.81644999995,2,1,0,75389.16239999999,1,0.635213535818498
671,Germany,Male,46,2,154329.494575,1,0,0,156493.5066,1,0.7897644987326464
633,France,Female,40,6,0.0,2,0,0,33730.2549,1,0.5244380119517841
771,Spain,Female,43,5,0.0,2,1,0,7025.478300000001,1,0.5390339725986679
684,Spain,Female,34,9,104826.50774999998,1,0,1,159225.32880000002,0,0.31089053988148746
683,France,Male,53,8,0.0,1,1,0,78371.388,1,0.6247974088472183
682,France,Female,62,5,149006.70979999995,1,1,0,17078.987699999998,1,0.8830862330881458
850,France,Female,46,0,218014.83914999996,1,1,1,50805.176400000004,1,0.5042146113750187
607,Germany,Female,47,4,179763.53684999995,1,0,0,146521.224,1,0.8863594700057643
707,Germany,Female,41,2,109487.03742499997,2,0,0,74053.18890000001,1,0.7722914189101234
686,Germany,Female,53,5,204784.15239999996,2,1,1,123041.91600000003,1,0.8170493525236835
633,Spain,Male,43,4,182303.19972499998,2,1,0,79662.79530000001,1,0.5766536335785515
653,France,Male,56,0,158112.94224999996,1,1,0,63382.60530000001,1,0.759512427215924
699,Spain,Female,35,8,0.0,2,1,1,42447.6207,0,0.23370803934652234
695,Germany,Female,63,8,125944.20097499999,1,0,0,56814.048,1,0.9477141365723706
436,Spain,Male,53,5,0.0,2,1,1,28906.818300000003,0,0.4614384200282407
588,France,Female,46,2,0.0,2,1,0,74954.16,1,0.6422044002894833
657,France,Male,54,6,101164.69039999998,1,1,0,64048.2309,1,0.7023790072286965
512,France,Male,46,4,201243.66119999997,2,0,0,31289.733000000004,1,0.6564357433499846
582,France,Male,41,2,0.0,2,1,1,27335.0943,0,0.22805289001919082
705,Germany,Female,54,10,141152.51455,1,1,0,111310.0947,1,0.9089143012980823
702,Germany,Male,40,2,0.0,2,1,1,117885.2292,0,0.3712461578265029
538,France,Male,43,6,124039.10005,1,1,1,161391.9249,0,0.36822243886236755
610,Germany,Female,79,5,113785.532725,3,0,0,156121.87860000003,1,0.9837126989688518
597,France,Female,34,1,136507.74907499997,1,1,0,48940.256700000005,1,0.522092240243549
656,Spain,Female,51,6,133809.53167499998,2,1,1,28536.794100000003,1,0.5854208602343667
683,France,Male,46,5,152551.20817499998,1,1,1,99067.7871,0,0.3869956005298231
642,France,Male,58,9,156474.58957499996,4,0,0,63749.4138,1,0.7677385121831938
725,France,Male,48,6,0.0,2,1,1,128544.7968,0,0.3149607199486622
708,France,Male,62,10,139333.05872499998,1,1,0,99.68669999999999,1,0.806371633385037
489,Germany,Female,48,5,155115.91919999997,1,0,0,69037.82280000001,1,0.8929817452046785
685,Germany,Male,48,4,0.0,2,1,1,29066.777100000007,0,0.4979001503077896
556,France,Female,53,6,0.0,3,0,0,101375.20170000002,1,0.7557099271172864
850,Germany,Female,44,2,0.0,2,0,0,42054.4224,1,0.7255301951543756
835,Germany,Male,55,3,132530.541925,1,1,0,123587.87220000001,1,0.843614100621988
625,France,Female,49,5,0.0,2,1,0,26418.3201,1,0.6728909462834264
662,Spain,Male,47,5,125506.69152499999,1,1,1,39069.3375,0,0.38996840521858195
452,Germany,Male,62,1,130191.05264999998,2,0,0,74547.5238,1,0.9261656477824518
745,Germany,Male,46,8,88906.87432499998,1,1,0,105939.57600000002,1,0.7326880830747637
709,France,Female,51,3,198772.60962499995,2,1,0,58055.0166,1,0.7888264211785789
625,France,Female,34,1,0.0,2,1,1,146585.33550000002,0,0.24321657741200262
524,France,Male,50,2,238733.60024999996,1,1,0,145801.96020000003,1,0.7574192416495402
663,France,Male,46,10,0.0,2,1,0,110443.13549999999,1,0.5025377889223416
558,Germany,Male,36,1,196858.47602499998,2,1,1,19772.9262,0,0.4413117098020589
464,France,Female,43,10,195060.41825,2,1,0,81362.49930000001,1,0.7348870486107804
588,Spain,Male,42,3,144297.08892499996,1,0,1,4045.0913999999993,0,0.3350867778687104
730,Spain,Male,52,4,0.0,2,0,1,69645.8007,0,0.38221408126774487
763,Germany,Female,45,7,152949.24099999998,2,1,1,84812.0949,1,0.6617858803675735
593,France,Female,51,6,0.0,1,1,0,52788.2346,1,0.725060868737109
595,France,Male,56,10,0.0,1,1,0,59526.211500000005,1,0.6911007532334178
806,Germany,Male,41,10,183369.26697499998,1,1,0,154550.7297,1,0.7051645053327583
434,Spain,Male,65,6,0.0,1,0,1,59585.260500000004,1,0.6925728882713607
724,Germany,Male,44,6,156366.71324999997,2,0,0,127281.15630000002,1,0.7425054518741355
748,Germany,Male,55,2,158504.28322499996,1,0,0,59821.6914,1,0.8600798768928305
635,Spain,Female,48,1,0.0,2,1,0,73390.0905,1,0.67198555756967
678,Spain,Male,40,0,0.0,1,1,0,28441.594800000003,0,0.3941536101542113
778,Germany,Female,58,3,135279.26559999998,2,1,0,147979.96110000001,1,0.9224234760475781
648,Germany,Female,50,5,185115.15212499996,1,1,1,540.8046,1,0.7702169672061479
723,France,Male,44,5,0.0,2,0,1,9794.544300000001,0,0.24214260072347712
723,France,Female,50,7,188928.31637499997,2,0,0,30795.9894,1,0.770425285605357
652,Germany,Male,81,4,0.0,1,1,1,97286.75100000002,1,0.9248352567573443
848,Germany,Male,41,4,119049.40012499997,2,1,0,156437.7138,1,0.6481539840675092
613,Germany,Female,53,4,186051.52179999996,1,0,1,16308.5967,1,0.8183016216743093
609,France,Female,49,8,187365.49167499997,1,0,1,142288.0425,1,0.6278897252939787
571,Germany,Female,32,3,142984.86474999998,1,0,1,43196.247,0,0.4869962589888517
581,Germany,Male,41,3,0.0,2,0,0,72122.8941,1,0.6317193144581044
540,Germany,Female,45,7,169768.99437499998,2,1,0,160587.4815,1,0.8696080234638229
439,Germany,Male,46,2,218921.73029999997,2,1,1,100405.0323,1,0.6770426517037911
585,Germany,Female,49,7,219019.76722499996,2,0,0,106800.12810000002,1,0.9042020103192844
568,Spain,Female,42,7,224030.97099999996,1,1,0,50168.338200000006,1,0.7249257934294221
562,Spain,Female,39,9,159106.77455,1,1,1,5504.4441,0,0.4195632434850791
653,Germany,Male,41,9,189543.30532499996,1,1,0,67780.36260000001,1,0.7262025339062336
705,Spain,Female,67,3,0.0,2,1,1,27648.6534,1,0.7492637938291625
558,France,Male,43,0,143461.480525,1,1,1,88368.33510000001,0,0.3592065075523268
625,France,Male,62,5,218183.418225,1,1,1,54908.676900000006,1,0.7081972799235672
505,France,Male,44,10,138199.64977499997,1,0,1,102425.4234,0,0.3970140429120088
640,Germany,Female,44,3,102925.94299999998,1,1,1,136521.32850000003,1,0.6658646163307913
571,Germany,Female,44,1,134546.73285,1,0,1,158477.8446,1,0.708796714004373
742,Germany,Male,42,6,212241.62409999996,1,1,0,23508.6543,1,0.7251993862237729
688,Germany,Male,51,2,149272.14877499998,2,0,1,53071.799399999996,1,0.6543032939037938
572,Germany,Female,45,1,185122.32007499997,1,1,0,150386.9004,1,0.8739430857736892
674,France,Male,55,7,187890.24644999995,1,1,0,29980.764900000002,1,0.7518982906110946
619,Germany,Male,50,9,137016.69997499997,2,0,0,114167.1105,1,0.8240602015652148
569,Germany,Female,52,9,193218.24187499998,1,1,0,26384.9481,1,0.9139160043857605
606,Germany,Male,50,1,191442.41532499998,2,1,1,134991.5058,1,0.6916110131737147
764,France,Male,40,5,0.0,2,0,1,85176.08460000002,0,0.1966655065484759
660,Germany,Male,36,4,152116.27759999997,1,0,1,131578.8705,0,0.42827819199515343
651,Germany,Male,55,4,0.0,2,0,0,156337.4601,1,0.8245247365371675
655,Germany,Female,71,2,243336.95825,2,1,1,130585.9158,1,0.949350017801002
677,Spain,Male,28,8,178268.86057499997,2,1,1,93035.709,0,0.15547574825469324
489,France,Female,41,7,184349.99329999994,1,0,1,4957.8804,0,0.486765145932598
597,Spain,Female,36,7,0.0,2,1,0,89305.092,0,0.4779245751540361
788,Germany,Female,59,4,181785.54677499997,1,1,0,149184.4149,1,0.9373806245864093
651,France,Female,35,8,0.0,2,1,1,102676.572,0,0.24524127332975898
746,Spain,Male,59,7,0.0,2,0,1,8177.962500000001,0,0.48888315042761127
744,Spain,Male,40,1,169366.12119999997,1,1,0,98435.6388,1,0.5002794654094712
750,Spain,Male,32,3,160924.20695,1,1,0,104201.11350000002,0,0.35502133595840507
628,Spain,Female,32,3,0.0,1,1,0,69195.2868,0,0.4052303562660611
767,France,Female,45,2,0.0,2,0,0,116843.6178,1,0.5948749070579634
549,France,Female,39,8,0.0,2,1,1,153542.33640000003,0,0.3357064757938657
519,France,Male,58,10,94008.56354999998,1,1,0,111746.79000000001,1,0.7892468606666936
688,Germany,Female,56,0,98471.03562499997,1,0,1,5561.7111,1,0.8023390570728599
612,France,Female,45,3,0.0,1,1,1,38968.063200000004,0,0.40737271307804385
850,Spain,Female,39,1,0.0,2,1,1,160377.2865,0,0.2762372321306014
571,France,Female,57,7,0.0,2,0,0,91017.25379999999,1,0.8083703114311751
731,Germany,Male,45,2,169098.72492499996,2,1,0,112657.79700000002,1,0.7530020249739334
797,Germany,Female,43,10,110502.25455,1,0,0,56511.3834,1,0.7872659815780367
603,Spain,Male,34,1,218409.72442499996,2,1,0,17705.2068,0,0.4330161841054075
604,France,Male,43,3,196602.1623,1,0,0,34374.5775,1,0.5912571854207417
498,Germany,Male,71,7,135494.43634999997,1,1,0,151670.52360000001,1,0.9620834194354824
579,Germany,Female,49,5,155834.53924999997,3,0,0,4723.110000000001,1,0.8754787993146794
639,France,Female,37,2,0.0,2,0,0,101447.7858,0,0.4828722483654971
803,Spain,Male,53,3,0.0,1,1,0,58361.6664,1,0.5989327246525009
606,France,Male,46,1,205854.34584999995,1,1,1,155833.88310000004,0,0.4520270748420747
834,Spain,Male,44,5,0.0,2,0,0,43284.051,0,0.4225681555113741
699,France,Male,39,3,166224.08602499997,1,1,1,122815.2051,0,0.28362471445907383
841,Germany,Male,37,8,0.0,1,1,0,139257.4032,1,0.5138376314732842
607,Germany,Male,46,10,141114.63814999998,2,0,0,160634.0889,1,0.7892960616414497
669,France,Female,57,9,80932.42414999999,1,1,0,47117.894400000005,1,0.8217124733762625
771,Germany,Male,42,9,102476.82199999997,1,0,0,26845.8624,1,0.6650003957378434
579,France,Male,49,5,0.0,2,0,1,32312.390399999997,0,0.35273792974496243
526,Germany,Male,68,9,251670.28202499996,2,1,1,154923.64560000002,1,0.9144716785687859
665,Germany,Female,53,2,153836.20207499998,4,1,0,28868.497200000005,1,0.8896704421831763
779,France,Male,81,3,0.0,2,1,1,118985.2416,1,0.8222723583761486
614,France,Female,44,5,0.0,2,1,0,150305.13090000002,1,0.6179624670322986
682,France,Male,40,9,0.0,2,1,1,1663.2702000000002,0,0.19532933920617795
565,France,Male,44,6,0.0,1,1,1,51170.6484,0,0.28598000560336695
554,Germany,Female,41,6,179160.26524999997,1,1,0,86730.5961,1,0.8320222631076496
708,France,Female,77,1,0.0,2,0,1,3108.0348,1,0.8550471349068867
484,Spain,Female,49,5,0.0,2,1,1,141931.53720000002,1,0.5338745256545543
469,Spain,Male,47,9,127986.90802499998,1,1,1,97111.5966,0,0.4548914345045868
540,Spain,Female,41,10,156264.93365,1,1,1,128002.33170000002,0,0.48580364017712735
768,France,Male,64,8,92195.09864999999,1,1,1,56198.65050000001,1,0.6349949358308966
526,France,Male,38,1,148213.15689999997,1,0,1,102288.2823,0,0.29875953848288733
669,France,Male,60,4,197996.24922499995,3,1,1,101146.6602,1,0.6433372597071798
601,Germany,Female,43,7,151333.91304999997,2,1,1,123939.82530000001,1,0.6749184526569273
699,Germany,Male,54,8,209877.58922499997,1,1,0,86816.7882,1,0.8733983549889383
678,France,Female,42,5,0.0,2,1,0,73130.4207,1,0.5500926489252121
483,France,Female,60,9,0.0,2,1,1,89926.3944,1,0.6997572113774365
512,Spain,Female,56,3,0.0,2,1,1,45690.593400000005,1,0.6282279268604396
502,France,Male,55,0,0.0,1,0,0,68577.20010000002,1,0.7026145962655489
694,Spain,Male,48,7,160719.98649999997,1,1,0,91919.62620000001,1,0.647280056611942
517,Germany,Female,69,8,203811.78427499995,2,1,0,82004.4648,1,0.9751945677819595
494,France,Female,45,9,149081.53684999997,2,1,0,148839.85710000002,1,0.7446368737578767
595,Germany,Female,42,0,122286.56272499998,1,1,0,3824.253,1,0.8027928960936195
593,Germany,Female,48,4,117353.94189999998,2,1,0,54286.2243,1,0.86127054553862
850,Germany,Male,38,2,133705.04095,2,1,1,28623.2211,0,0.36356730417151845
850,France,Female,49,2,196505.8314,1,1,1,143200.9287,1,0.5644153276810676
684,Germany,Female,58,10,167143.39544999998,1,1,1,160484.78160000002,1,0.863381791051593
630,Germany,Female,38,8,140748.05437499998,1,1,1,16479.3204,1,0.5659169876683786
745,Spain,Female,41,3,164424.8909,1,1,1,113765.7312,0,0.43229413620183005
613,Germany,Male,69,8,120897.34259999997,1,0,0,22651.65,1,0.9449652392096572
642,Germany,Female,50,6,171267.043025,2,0,1,69740.3763,1,0.772237243376662
613,Spain,Male,54,9,132943.90252499998,1,1,1,38312.1495,1,0.5326506967336994
684,Spain,Female,48,3,0.0,2,1,0,35847.0765,1,0.6532687767988155
669,France,Male,35,1,208754.68092499996,1,0,0,30410.583300000006,0,0.4378178703181162
685,Spain,Female,53,6,155132.71494999997,1,0,0,55648.401300000005,1,0.8157179961205052
754,Germany,Female,37,8,0.0,2,0,0,98675.13960000001,1,0.6511893043202017
632,Spain,Female,50,3,145131.96994999997,1,1,0,114936.3594,1,0.7900891481441369
527,Germany,Female,38,2,163729.44105,2,1,1,126235.81890000001,1,0.6177811404056105
807,France,Male,53,1,139919.60069999998,2,1,0,28259.312400000003,1,0.6560017863838775
850,Germany,Female,46,0,181156.354175,2,1,1,80205.9165,1,0.6713665152437825
844,Spain,Male,66,5,131628.02824999997,1,0,1,127356.34860000001,1,0.6996440630882291
737,France,Female,42,7,170009.17359999998,2,0,1,153416.19509999998,0,0.45002807377542114
660,Germany,Male,56,5,144178.48712499999,2,1,1,27281.253599999996,1,0.724776719180532
595,Germany,Female,74,2,139836.28319999998,1,1,1,72847.94129999999,1,0.9497113800841721
665,Germany,Female,47,3,148003.13067499996,1,1,1,89391.3408,1,0.7220938301815473
729,Spain,Male,47,10,0.0,2,1,0,81698.6574,1,0.5067585735098773
557,Spain,Male,58,10,0.0,2,1,1,149926.5288,1,0.5461755034061521
635,Spain,Female,44,5,130508.88907499997,2,1,0,12743.8839,1,0.672171037991255
728,Spain,Female,39,1,0.0,1,1,1,67275.5382,0,0.2957928770113959
642,Germany,Male,59,4,159610.68672499995,1,1,0,20063.8782,1,0.8966815077710398
740,France,Male,49,9,0.0,2,1,0,15428.256300000001,1,0.5150629072848925
727,Germany,Male,31,8,202798.39219999997,1,1,1,132269.6547,0,0.351611485024786
826,France,Female,59,0,0.0,1,0,0,144755.08380000002,1,0.8019876956902257
482,France,Female,45,5,195482.75862499996,2,0,0,88314.07320000001,1,0.7639096144441614
453,Spain,Female,52,5,0.0,3,1,0,67236.8769,1,0.7597422891833522
619,Spain,Female,54,6,69869.16942499999,1,1,1,91245.86820000001,1,0.6308254347725221
663,Germany,Male,47,7,189945.16017499994,2,0,1,142954.5105,1,0.6374347057925165
673,Spain,Female,42,0,0.0,1,1,1,59027.397300000004,0,0.3542634610591833
850,France,Female,38,9,0.0,2,1,0,150515.3421,0,0.4499577358624728
666,France,Male,63,5,85495.26074999997,1,1,0,103695.7788,1,0.8161504881403623
539,France,Female,57,2,168335.78789999994,2,1,1,135212.8383,1,0.7391886281150375
691,France,Male,60,6,181120.96407499997,1,1,1,2191.0338,1,0.629581706907723
466,Germany,Male,36,3,207388.77647499996,1,1,1,111355.6329,1,0.5044152128865997
598,Spain,Female,66,4,130088.14892499999,1,1,1,35843.577300000004,1,0.8219059620265642
611,Spain,Male,44,4,0.0,2,1,0,138469.9698,0,0.49560229844815057
628,France,Male,49,6,0.0,2,0,0,108897.69600000001,1,0.5709690252969544
710,Germany,Male,47,6,179589.72067499996,1,0,1,37684.116,1,0.6084771541627005
632,France,Male,70,2,0.0,2,0,1,1689.1092000000003,1,0.694259507797502
750,France,Male,43,2,201420.3472,1,1,0,57780.08640000001,1,0.5544754676987098
764,Germany,Male,38,10,164020.65554999997,1,1,0,134612.5068,1,0.6532206460692185
586,Germany,Male,47,8,221830.45002499997,2,0,1,84779.2899,1,0.6636227504655722
687,Germany,Female,50,1,0.0,2,1,0,6647.9616000000005,1,0.8206606685580006
719,Spain,Male,48,0,0.0,1,1,0,102769.9407,1,0.5417313766019485
612,Germany,Female,72,8,186135.69892499998,1,1,0,156684.69090000002,1,0.9791958150092318
466,Germany,Male,51,2,201155.13304999997,2,1,0,147322.4436,1,0.8747945625358661
742,France,Female,35,4,174723.58192499998,2,1,0,105246.13500000001,1,0.5273207169651939
625,Spain,Male,62,8,160236.17632499998,1,1,0,39680.506799999996,1,0.8379922084366365
609,France,Male,49,3,161052.343975,1,1,1,112103.73270000001,0,0.4668879451064492
620,France,Male,71,5,0.0,1,0,0,25629.631200000003,1,0.8643840958502087
567,France,Female,36,2,0.0,2,1,1,63707.75550000001,0,0.2688403653462424
726,France,Male,44,3,0.0,2,1,0,158993.6526,0,0.45907438691865476
654,France,Male,48,8,0.0,2,1,0,71814.1464,1,0.5321382318724843
749,Spain,Male,52,9,293948.94067499996,1,0,0,81898.16850000001,1,0.7687801053888319
717,France,Female,46,5,0.0,2,1,1,117896.796,0,0.4034016111340546
850,Spain,Female,63,7,86500.96909999999,2,0,0,147933.24030000003,1,0.8685138820949627
704,Germany,Male,46,8,168482.98214999997,1,1,0,122581.54439999998,1,0.7813216285232369
734,France,Male,61,1,156765.80407499996,1,1,1,94699.0845,1,0.6388152201968156
767,Germany,Female,55,7,175556.84949999998,2,1,0,21569.3928,1,0.906250485372591
579,Spain,Male,66,4,131378.247675,1,0,0,3664.2294,1,0.8696444689765263
717,France,Male,48,7,128889.60684999998,1,0,0,153232.3251,1,0.6315875024518118
609,Germany,Female,63,6,0.0,2,1,1,100616.7987,1,0.8517670311835372
766,Spain,Male,51,0,0.0,2,0,1,27769.416300000004,0,0.34748162729041826
498,France,Male,44,5,0.0,2,1,1,74286.4446,0,0.29520841263767506
574,France,Male,36,8,128890.98225,1,1,1,34905.8727,0,0.23525580522200476
586,Germany,Male,48,2,180995.26044999997,1,0,1,153206.5914,1,0.6785615146059263
562,Germany,Male,43,8,122541.79199999997,2,1,0,1096.9425,1,0.7186238261775253
675,Germany,Male,46,7,118244.65887499998,1,1,1,121013.75700000001,1,0.5729920513149671
707,Spain,Female,62,7,0.0,1,1,0,88847.94420000001,1,0.8471971590067122
729,Germany,Female,49,1,173926.28635,1,1,1,156909.15,1,0.7604584671974539
539,Germany,Male,49,3,184030.74179999996,2,1,0,119606.48729999998,1,0.8394179200175126
676,France,Female,50,2,195470.1023,1,1,0,77096.6586,1,0.7916398098110036
474,France,Male,36,6,0.0,2,0,0,123517.8882,0,0.3838923117466478
765,Spain,Female,42,9,235531.36487499997,1,0,0,38270.5236,1,0.6911330300730395
550,Germany,Female,56,7,0.0,2,1,0,105778.1835,1,0.8993879031328486
677,Spain,Male,66,5,163937.06032499997,1,1,1,49078.4832,1,0.733744217069869
611,Germany,Female,63,7,0.0,2,0,1,126761.26590000003,1,0.8576886401135189
724,France,Female,40,9,188424.33807499998,1,1,1,87357.07440000001,0,0.42092535948434806
719,Spain,Female,45,8,0.0,1,1,1,133781.544,0,0.4103462212800658
697,Germany,Female,35,4,219119.88047499995,2,1,0,12529.063800000002,1,0.7322408625613677
715,Germany,Male,33,7,184124.95669999998,2,1,0,52696.7451,1,0.5640831612907079
674,Germany,Female,46,6,133258.59139999998,1,1,0,147547.0566,1,0.8539047714283697
527,Spain,Female,39,2,36707.270325,1,1,0,78949.4364,1,0.5821869776015366
617,Germany,Female,68,3,157410.23187499997,2,1,0,28511.3844,1,0.9651669200460391
590,Spain,Female,61,3,204938.55427499997,3,0,1,155465.1387,1,0.8036477510681788
659,France,Male,30,8,0.0,2,0,0,91183.3362,0,0.2441538288614002
655,Germany,Female,40,1,109997.58854999999,2,1,1,149250.276,1,0.5907309319419546
744,Germany,Female,51,2,111239.98472499999,1,1,0,160014.39030000003,1,0.8809653758833791
399,Germany,Male,56,2,168824.02844999998,1,1,0,113395.6908,1,0.9095989438258946
577,France,Female,45,10,0.0,2,1,1,20380.9041,0,0.40253541363111
566,Germany,Male,32,7,191702.656875,2,1,0,82819.26000000001,1,0.5965591262737687
684,Spain,Male,34,8,189888.372025,1,1,1,18247.0887,0,0.22162585721575387
749,France,Female,70,6,0.0,1,1,0,14562.7308,1,0.8945475020086858
499,Germany,Female,65,4,167716.34212499997,2,1,0,99848.4651,1,0.9651632322199865
492,France,Female,58,6,168293.38854999997,1,1,1,74636.7129,1,0.7614121204163862
783,Germany,Female,68,3,168670.72424999997,1,1,1,78238.2159,1,0.9156957904970436
635,Germany,Female,58,8,172978.14642499998,2,1,1,35032.743,1,0.8524645617006996
850,Germany,Male,53,0,143502.91444999998,3,1,0,149076.288,1,0.8147296542991087
646,Germany,Male,34,8,0.0,2,0,0,75016.43280000001,0,0.492978209990018
587,Germany,Female,47,6,138087.55467499996,1,1,0,155541.0762,1,0.8754718856679096
637,Germany,Female,50,6,0.0,2,1,1,147104.586,1,0.6947961656690099
411,France,Female,45,2,0.0,2,1,1,75998.8818,0,0.45648419830940073
604,Germany,Female,51,10,0.0,2,1,1,134641.75590000002,1,0.7154524351634032
749,Germany,Female,43,10,101425.46095,1,0,1,24621.1083,1,0.6060497894761216
746,Germany,Female,42,4,0.0,2,1,1,59056.89750000001,1,0.5128661872662945
674,France,Male,28,7,0.0,2,1,1,45160.027200000004,0,0.09664097275741941
850,France,Male,44,6,0.0,1,0,1,42765.011099999996,0,0.23128716461966164
749,France,Male,52,1,171629.71219999998,2,0,1,116266.19310000002,0,0.4858055148695575
612,France,Female,52,10,99845.45697499998,1,0,0,121243.05180000002,1,0.7973197189481233
778,Germany,Female,39,6,198849.737825,1,1,0,50587.748100000004,1,0.7748354160405955
538,France,Female,72,3,99255.595525,1,0,0,14322.436200000002,1,0.9421179256379653
835,Spain,Male,48,7,114824.85902499998,1,0,0,142483.8357,1,0.6004603495733754
745,Spain,Male,50,3,116997.36944999998,1,0,0,94228.4502,1,0.6475918084759607
637,Germany,Female,56,2,189779.83445,1,1,0,135267.13259999998,1,0.9345466917002933
541,France,Female,42,4,0.0,1,1,1,93110.6502,0,0.3853229344839747
591,France,Male,39,6,0.0,2,1,1,88034.5665,0,0.21127928015356845
661,France,Male,43,9,0.0,2,1,1,68181.5961,0,0.2461661380151059
646,France,Male,48,7,0.0,2,1,0,1238.0040000000001,1,0.5187501359680341
494,Germany,Male,47,5,141648.121425,2,1,0,139371.1029,1,0.8125393571397364
566,France,Male,46,1,187954.90347499997,1,1,0,64489.259699999995,1,0.6461090075707618
547,Spain,Female,54,5,0.0,3,0,0,4421.8467,1,0.7624703118029568
670,France,Male,47,2,0.0,2,1,1,43926.0894,0,0.2959086010174976
634,Germany,Male,55,9,0.0,2,0,0,14274.4842,1,0.8092655769484893
648,France,Female,60,9,135603.29132499997,1,1,1,153529.98390000002,1,0.754650749873049
560,Germany,Female,48,5,110712.30722499998,1,1,1,26929.235700000005,1,0.7289735488274186
751,Germany,Male,62,8,0.0,2,0,1,145226.3985,1,0.74267683164665
560,France,Female,76,9,0.0,1,1,1,12902.0769,1,0.8693814735358344
629,Germany,Male,39,6,0.0,2,1,1,71962.668,0,0.36402730390453336
558,France,Male,37,1,201394.783275,1,1,0,148449.63150000002,1,0.5175786329800015
794,France,Male,66,9,128217.97522499999,1,1,1,58139.175599999995,1,0.682638024616772
622,France,Male,51,2,168072.63684999995,1,1,0,82946.35710000001,1,0.7042013568832474
624,France,Female,72,7,165528.88744999995,2,1,1,122643.315,1,0.8825342937039723
616,Germany,Female,76,1,179651.587225,1,1,0,148910.8131,1,0.9838056574247763
582,Germany,Female,60,6,127603.488825,2,1,1,16478.6562,1,0.8604929339303223
617,Spain,Male,60,7,0.0,1,1,0,149720.157,1,0.7661855709977844
686,France,Male,36,7,0.0,2,1,0,1248.1209000000001,0,0.3031826405699414
635,France,Female,57,2,166271.24637499996,2,1,0,51221.945700000004,1,0.8504566364072097
569,France,Male,46,1,88723.470025,1,1,0,125368.31700000001,1,0.5972725180924604
602,Spain,Male,39,5,137417.3778,1,1,0,130596.1704,1,0.5072551402901836
849,Germany,Female,59,9,175806.392025,1,1,0,138555.8865,1,0.9321080246971578
841,France,Female,41,3,215172.93212499996,2,1,1,102703.59360000001,0,0.41580248495268163
638,Spain,Male,54,9,102675.395375,2,1,1,90190.4382,1,0.5060659292137254
435,France,Male,46,4,0.0,1,1,1,159582.31200000003,0,0.3684931585448381
598,Spain,Female,45,8,0.0,3,0,1,71813.57130000001,0,0.41253614169583847
737,France,Male,55,10,0.0,2,1,0,1105.2774,1,0.6186736838106818
652,France,Male,37,10,141909.16969999997,2,0,0,35992.9656,0,0.42643824808959563
707,Germany,Female,58,7,138977.21365,1,1,1,146079.19890000002,1,0.8495616214013191
779,Spain,Male,43,3,0.0,2,1,0,24951.7908,0,0.4087464757344307
723,Spain,Male,48,6,0.0,2,1,1,76476.63600000001,0,0.31437838062307955
520,France,Female,49,6,192614.25612499996,1,0,0,84336.3333,1,0.8112086296504326
501,France,Male,45,6,131933.71089999998,1,1,1,11009.1312,0,0.3853756447672452
726,France,Female,48,5,167793.00744999998,1,1,0,103722.3549,1,0.7485215072294261
735,Spain,Male,44,5,0.0,2,0,0,57587.282100000004,0,0.4517009214088095
596,Spain,Male,77,6,0.0,2,1,1,112064.0994,1,0.8140051092372766
762,Germany,Male,38,3,165518.585175,2,1,1,85879.4562,0,0.4176454408795781
659,Germany,Male,46,6,163780.37052499998,2,1,0,78434.73,1,0.7725949539095956
593,Germany,Male,84,5,213496.94109999994,2,1,1,53081.057700000005,1,0.9630132610142663
632,Germany,Female,42,1,0.0,2,1,0,15815.776500000004,1,0.7332972570475675
603,France,Male,55,9,0.0,1,0,0,120298.5999,1,0.6906712520270536
650,Germany,Male,42,2,112288.78012499999,1,1,0,132205.34880000004,1,0.7111868471391799
616,Germany,Female,41,3,180903.63765,1,1,0,48070.584,1,0.8179202398809073
730,Spain,Female,43,9,0.0,2,0,0,143027.06220000001,1,0.5861632143705928
633,Germany,Male,69,2,137535.68865,1,1,1,83558.8791,1,0.8818082141094772
629,Germany,Male,45,7,207430.54102499998,2,1,0,25777.6749,1,0.7775215763526395
617,France,Male,84,10,0.0,2,1,1,43699.4838,1,0.8653822330159997
651,Germany,Female,47,10,155778.67684999996,2,1,1,61428.4398,1,0.7159254835170645
633,France,Male,45,10,0.0,2,1,0,53197.1307,0,0.4800891004526891
803,Germany,Male,44,4,189023.81409999996,2,1,1,93044.34360000001,1,0.5309343075189359
531,Spain,Female,55,1,167290.39132499998,2,1,1,133440.61500000002,1,0.7194682282650264
465,Germany,Male,34,6,206319.37652499997,1,1,0,155008.3797,1,0.6878084057085303
762,France,Female,61,3,131307.03104999996,1,0,1,69318.6903,1,0.7332141330821126
598,France,Female,53,5,0.0,3,1,1,81585.4032,1,0.5404777285549336
669,Germany,Male,55,7,197534.65704999995,1,0,1,140497.7967,1,0.7681784659990748
706,France,Male,42,6,124958.35657499998,1,1,1,119029.28940000001,0,0.3044368400508683
664,Germany,Female,46,0,136881.68594999998,1,1,1,118415.3742,1,0.7064415673478247
850,France,Female,46,6,0.0,2,1,1,154057.9095,0,0.37720663317237424
467,France,Male,67,1,0.0,2,1,1,92703.50370000002,1,0.6969749227640211
464,Germany,Male,48,3,153991.43712499997,1,1,0,61215.328799999996,1,0.8291470446514307
596,Spain,Male,46,2,0.0,2,0,1,101701.93950000001,0,0.322472812800293
679,Germany,Male,55,3,194087.77239999996,1,1,0,39258.1809,1,0.8742096752592057
660,France,Female,53,1,0.0,1,0,1,90741.141,1,0.554799339045137
765,France,Male,54,6,0.0,2,1,1,129518.9757,0,0.40449135708981576
545,Germany,Male,40,3,0.0,2,1,0,137949.0183,1,0.6311547728720217
589,Spain,Female,56,10,0.0,2,0,1,136379.1897,1,0.6347488342400828
569,France,Female,53,7,0.0,2,1,1,62939.5839,1,0.5559825229982174
627,France,Female,54,5,0.0,2,1,0,67205.38410000001,1,0.7530388171337195
561,Germany,Male,42,6,220625.52027499996,1,1,0,112956.10380000001,1,0.7796978283310187
636,France,Female,30,10,164342.92234999998,1,0,0,81459.1161,0,0.4730273379709503
850,Spain,Female,53,2,165988.05945,1,1,1,64058.12100000001,1,0.6081465038619234
678,Germany,Female,48,2,0.0,2,0,0,93205.88190000001,1,0.8159140121155779
703,Germany,Male,49,1,187212.43874999997,1,1,1,25318.251,1,0.6391249701039603
653,France,Male,48,8,157795.07937499997,1,1,0,121879.36350000002,1,0.6524167088347401
663,France,Male,43,5,207995.34109999993,2,1,1,23110.7661,0,0.3490408345512641
825,France,Male,50,6,174977.62094999995,1,0,0,94869.225,1,0.6537577119417813
705,Germany,Male,40,1,0.0,1,1,1,146853.2592,0,0.3871831093635729
771,Spain,Male,55,0,184919.30309999996,1,0,0,138497.82570000002,1,0.7601796795400737
548,Germany,Female,47,9,0.0,2,0,0,79403.95980000001,1,0.8247744420748817
709,France,Male,42,4,194814.71097499997,1,0,1,33097.855500000005,0,0.33223856687599457
515,Spain,Male,50,10,160493.296775,1,1,0,112071.83490000002,1,0.7235058079650015
751,Spain,Male,48,7,0.0,2,0,0,73580.08410000001,1,0.5231332978306487
459,France,Male,36,4,198215.85035,1,0,0,40513.0977,1,0.507597376070562
690,Germany,Female,64,1,190476.76549999995,1,1,1,88072.12620000001,1,0.9055462431782243
438,France,Female,46,4,0.0,2,1,0,52180.605,1,0.6741659456989637
485,Germany,Male,61,7,190763.47027499997,2,1,0,41401.6434,1,0.9261024767063076
829,Germany,Female,47,3,136822.88759999996,1,0,0,902.4372,1,0.8288130193352693
660,France,Male,40,7,193483.48247499997,1,0,0,78446.8071,1,0.53154093200637
847,Spain,Female,47,9,149061.84482499998,1,1,0,94038.7806,1,0.7058972318820896
698,Germany,Male,65,8,205065.65975,2,1,1,117113.2749,1,0.8599112271035579
749,Spain,Female,53,1,164266.42894999997,1,1,1,135415.3788,1,0.6467219332566353
627,Germany,Female,49,5,164766.21492499995,1,1,0,75437.41410000001,1,0.8859692375162423
704,Germany,Female,34,7,149487.75594999996,1,1,0,131627.8188,1,0.7105436377327068
639,France,Female,47,4,153571.13339999996,2,0,1,147299.0994,1,0.5533762485320168
590,Germany,Male,46,1,0.0,2,1,0,39590.240399999995,1,0.6972026314746451
682,Germany,Female,39,6,133589.38832499998,1,0,0,26397.8109,1,0.7639216482924563
679,Germany,Female,44,7,160106.94162499998,1,1,0,46157.50980000001,1,0.8317654863585251
505,Germany,Female,55,9,173717.38424999994,3,1,0,158270.2173,1,0.9320494137534838
743,Germany,Female,42,6,185610.97059999997,2,1,1,132236.05590000004,1,0.6461200740843078
816,Germany,Female,44,2,143373.37557499995,2,1,0,83356.21710000001,1,0.8006774132137154
661,Germany,Male,54,1,186653.17994999996,1,1,0,153691.65180000002,1,0.8770686943778921
673,France,Male,61,8,105222.54359999998,2,1,1,139482.73710000003,1,0.6223089580474112
679,Spain,Male,49,6,0.0,2,1,0,9935.5086,1,0.5397082005443824
611,France,Female,47,6,0.0,2,1,0,89734.1328,1,0.6565895741403102
659,Germany,Male,49,8,140528.360675,2,1,1,160463.68920000002,1,0.6396660761099885
692,Germany,Male,63,7,199600.94427499996,2,0,0,97051.92390000001,1,0.9274795213121363
491,France,Female,82,6,120724.70344999999,1,1,1,5696.6894999999995,1,0.937419706812842
621,France,Female,60,5,0.0,2,1,0,155322.7974,1,0.8362172292036439
745,Germany,Female,46,9,0.0,1,1,0,15880.195800000001,1,0.7739602562890116
712,Germany,Female,52,1,116172.34104999997,1,0,0,74701.1079,1,0.8881432660364056
556,Spain,Female,58,8,222870.83432499995,1,1,1,122561.2296,1,0.7887612274082009
539,France,Female,32,0,133421.64242499997,2,1,1,31405.846500000003,0,0.28054691863357906
719,France,Male,46,3,205547.142325,1,1,1,161871.46920000002,0,0.4237182312900558
625,France,Male,49,2,0.0,2,1,0,81326.47050000001,1,0.5586715643846671
755,France,Male,41,5,0.0,2,0,1,157675.2318,0,0.22056351601114782
678,Germany,Male,46,3,192751.293575,2,0,1,72549.05940000001,1,0.6032851972907552
595,France,Male,39,6,199281.95727499996,1,1,0,71094.5586,1,0.5263457336899766
762,France,Male,36,6,172492.06154999995,1,1,0,140426.3709,0,0.4259222412865228
684,Germany,Female,54,2,176919.89734999996,2,0,1,40390.6824,1,0.8100564366696145
503,Spain,Male,35,7,0.0,1,0,1,156201.31530000002,0,0.20787840645775157
647,Germany,Male,54,4,124262.56287499999,1,1,0,29629.419299999998,1,0.8470810624029127
521,Spain,Female,59,4,109688.48062499998,2,0,0,50554.538100000005,1,0.8727010226637245
600,Germany,Female,39,6,98433.80725,2,1,1,77801.391,1,0.5658891515575305
517,Germany,Male,66,9,187989.8307,1,0,0,31985.312400000006,1,0.9484831906206822
596,Germany,Female,37,2,199733.94809999998,1,1,0,137959.6698,1,0.7961091297633899
551,France,Female,48,10,0.0,2,1,1,175.1787,0,0.45795070946568417
655,Germany,Male,42,9,150033.67072499997,1,1,0,66488.28300000001,1,0.719420393692086
498,Germany,Female,39,9,0.0,1,1,0,153929.0223,1,0.7523746781880414
835,France,Male,45,6,168116.292575,1,1,0,23253.2289,1,0.5394519621519648
657,Germany,Male,77,5,158416.284075,2,1,1,87102.79920000001,1,0.9291273817808509
614,Germany,Male,53,8,186120.37114999996,1,1,1,134936.89560000002,1,0.7413049653115041
795,Spain,Female,66,5,0.0,1,1,0,28689.138900000005,1,0.8644595519477939
627,Spain,Female,38,3,208422.83922499997,1,0,1,27618.7482,0,0.42633681138458795
629,France,Female,41,6,0.0,1,1,1,13322.555999999999,0,0.3315086525375425
768,France,Male,40,6,0.0,2,1,1,161558.0397,0,0.2025313136167483
501,France,Male,54,4,187862.540075,2,0,1,60701.805,1,0.5862803403312528
759,Spain,Male,48,1,0.0,2,1,0,16830.4959,1,0.5009769984641607
766,France,Female,62,7,122345.66524999998,2,0,1,53616.824100000005,1,0.7307208228882166
612,Spain,Female,73,2,174079.577325,2,1,0,98908.7598,1,0.9533709186358894
577,Germany,Male,47,2,168303.13537499998,1,1,0,45509.89050000001,1,0.8036654970685737
680,France,Male,46,3,153773.84619999997,1,1,1,51674.598000000005,0,0.3784017531905489
760,Spain,Male,48,3,120667.34662499999,1,0,1,65352.7035,0,0.39053041854224047
795,Germany,Male,48,7,166507.00844999996,2,1,1,102925.8252,1,0.5921580546572718
828,Spain,Male,57,1,145312.09444999998,2,1,0,67725.2745,1,0.7310906330524772
635,Spain,Female,45,7,0.0,2,1,1,53420.8365,0,0.40376736013285586
785,Germany,Female,48,9,141771.66937499997,1,0,0,118582.79310000001,1,0.8601045337943048
708,Germany,Male,42,10,114547.09434999998,2,1,1,139424.7006,0,0.48321621639610896
663,Germany,Female,56,2,187433.79879999996,1,1,1,47188.35630000001,1,0.8416052434579113
697,Germany,Female,58,2,143000.5496,2,1,1,84194.9397,1,0.8386713736304754
650,Germany,Female,42,4,105072.74402499998,1,1,1,95843.04750000002,1,0.6237735021634084
746,Spain,Male,34,10,90963.95695,1,0,1,38877.8859,0,0.17744296350372235
599,Germany,Male,50,10,181785.93029999995,2,1,1,11431.619100000002,1,0.6657068948636559
600,France,Female,49,5,0.0,2,0,0,95800.37670000001,1,0.6973824385954559
604,France,Male,46,6,153713.97662499998,2,1,1,64503.037800000006,0,0.3897946300925557
758,France,Female,60,2,126713.69759999997,3,1,1,55034.7129,1,0.6897714198617549
666,Germany,Male,49,10,0.0,2,1,0,83429.4573,1,0.7337012807099189
708,France,Female,43,8,0.0,2,0,1,12349.9323,0,0.34044161436715276
592,France,Female,37,4,0.0,2,1,1,148691.09250000003,0,0.29324037501192024
691,Spain,Male,40,9,0.0,2,0,1,8880.0624,0,0.20550937898630392
593,Germany,Female,48,5,188665.25789999997,2,0,1,109623.0591,1,0.770052609643508
709,France,Male,36,6,207039.530675,1,0,1,3572.7237000000005,0,0.24548574375225402
657,Spain,Male,50,10,0.0,2,1,1,42922.467,0,0.3563171220818675
672,Germany,Male,50,10,136191.63189999998,1,1,0,1041.5061,1,0.8033515838303265
479,Germany,Male,34,6,142351.21532499997,2,0,1,137299.7223,0,0.42445215902361866
806,Spain,Male,28,3,0.0,2,1,1,70465.5774,0,0.08975167969581285
576,Spain,Male,62,2,132976.62117499995,2,1,1,13481.769600000001,1,0.6623258479618194
687,Spain,Female,60,5,0.0,2,1,0,89286.624,1,0.8238542947942609
720,Germany,Male,70,9,153305.01995,2,0,0,127617.1848,1,0.9493443978457324
678,Germany,Female,40,1,184722.76637499998,2,0,1,13078.26,1,0.609222125839936
500,Germany,Male,40,2,165967.98389999996,2,1,1,55734.05070000001,1,0.5165501366894176
850,France,Female,34,6,0.0,2,1,1,10659.519,0,0.18379116035105214
701,France,Female,49,9,0.0,2,0,1,118174.869,0,0.46788580024631404
663,Germany,Female,46,6,102167.75374999999,1,0,0,29012.555700000004,1,0.8347330306687615
642,Spain,Male,36,8,190755.68075,1,1,1,149363.80560000002,0,0.27876101442170664
673,France,Female,48,2,224906.8892,2,0,0,109270.08540000001,1,0.7821820724764809
554,Germany,Female,54,9,179614.94074999998,2,0,0,93224.01780000002,1,0.9259051014222707
490,Germany,Male,43,5,127410.97249999999,2,0,0,87733.8054,1,0.7552951216694321
683,Germany,Female,45,1,175061.04424999995,2,0,0,150760.09170000002,1,0.8546566727203032
516,Spain,Female,41,7,0.0,1,1,0,38085.1875,1,0.5890978124761349
597,France,Female,46,9,0.0,2,1,1,5796.432900000001,0,0.4115109868764519
723,France,Male,31,4,0.0,2,0,0,20126.0862,0,0.23301753819819251
559,Spain,Male,44,0,0.0,1,1,0,148221.04140000002,1,0.5225013775530951
614,France,Male,46,1,156467.30259999997,1,1,0,118369.0908,1,0.6261642332037505
720,Germany,Female,53,10,146563.28524999996,1,0,0,59018.1714,1,0.9008887211735216
670,France,Female,60,8,182954.72934999998,1,0,1,2558.9115,1,0.753427225720834
623,France,Male,33,1,140201.1345,2,0,1,155046.9114,0,0.20777292319890298
731,France,Male,39,10,0.0,2,1,1,131586.6465,0,0.19368739624050435
579,France,Female,49,3,220197.797325,2,1,0,76006.8684,1,0.7996721662599248
555,France,Male,65,4,194141.42622499997,1,1,1,60061.313700000006,1,0.7538036109719137
627,France,Male,54,6,203067.38869999998,1,0,0,28593.064800000004,1,0.7596650040959281
835,Germany,Female,57,5,143212.57279999997,2,1,1,37146.2355,1,0.8006433369406573
774,France,Female,62,2,74828.279925,1,1,0,91745.68680000001,1,0.8573906796241921
633,France,Female,42,1,137541.82504999998,1,0,1,29680.546500000004,0,0.4404342798272193
465,Spain,Female,43,6,0.0,2,1,1,77355.7938,0,0.4178152108401822
684,Spain,Male,49,4,273803.73459999997,2,0,0,127732.75560000002,1,0.7295931356702942
732,Germany,Male,60,6,192210.51009999998,1,0,0,74468.24100000001,1,0.9085830375419177
711,France,Male,48,10,0.0,2,0,0,43182.5418,1,0.5176218191589805
744,France,Male,46,10,0.0,2,1,1,148122.9504,0,0.28465656166956327
678,Germany,Male,41,2,0.0,2,1,1,47630.6568,0,0.3797977870591165
703,France,Female,52,7,0.0,2,0,1,58725.5508,1,0.5080123836919738
664,Spain,Female,63,7,248103.88304999997,1,1,0,150978.3219,1,0.9261790317775872
812,Spain,Female,34,1,122300.67379999999,1,0,0,67430.18340000001,0,0.4761164794279145
610,Germany,Female,47,10,185631.323875,2,1,1,104946.72660000001,1,0.7471947506461314
540,France,Male,35,5,153621.90417499997,1,1,0,10863.452700000002,0,0.42662877879015826
850,Germany,Male,46,7,135953.95219999997,1,1,1,70755.4683,1,0.527205134236486
468,Spain,Male,36,1,174098.19812499997,1,1,0,52193.289600000004,0,0.495094057940684
586,Spain,Female,43,10,88539.61607499998,2,1,1,114014.81430000001,0,0.4510448209703863
367,Spain,Male,52,6,123796.95029999998,1,1,0,136741.5513,1,0.7663325531779288
671,Spain,Male,44,10,202818.62644999998,1,1,0,113812.9866,1,0.6163729245522676
652,Spain,Female,52,4,0.0,2,1,1,30903.1281,1,0.518605750254496
699,Germany,Female,51,1,264655.7376,2,1,0,76255.30350000001,1,0.9111783759878359
602,France,Male,48,7,147903.03064999997,2,1,0,100755.58410000001,1,0.6440659200756532
850,Spain,Male,48,2,125177.32289999998,1,1,1,139288.21560000003,0,0.37935681822958356
586,France,Male,37,5,172231.55549999996,2,1,1,155865.9996,0,0.27884742761908626
583,France,Female,52,4,0.0,2,1,0,14126.1246,1,0.7253010346276397
395,Germany,Female,44,5,140200.32777499998,1,1,1,14075.021700000001,1,0.719761155750358
607,Spain,Male,50,1,148840.035125,1,1,1,16072.198200000003,0,0.4663503875716846
574,France,Female,44,5,148549.08512499998,2,1,1,14574.678300000001,0,0.47836988149721554
741,Spain,Female,52,9,160097.393175,2,1,0,31689.289800000002,1,0.7819545936210281
792,France,Male,40,1,168205.94484999997,1,1,1,91978.2702,0,0.27343872122953367
551,Germany,Male,64,5,136209.61789999995,1,1,0,143110.9296,1,0.9349715208666776
679,Spain,Female,49,7,120595.99774999998,1,0,1,4921.0416,1,0.5485688062272195
542,Germany,Male,47,8,0.0,1,1,1,653.7185999999999,1,0.5242615973102244
497,France,Male,42,8,0.0,2,1,0,54565.1802,0,0.4624538549055913
641,Germany,Female,58,3,194859.04117499993,1,1,1,127541.47409999999,1,0.8730175561700545
582,France,Male,39,4,0.0,2,0,0,126484.1487,0,0.40819964978449214
723,Germany,Female,59,0,203473.92519999994,1,1,1,146498.43060000002,1,0.8753278340474856
672,France,Female,50,3,0.0,1,1,0,91669.0041,1,0.6994852278612977
674,France,Male,32,3,0.0,1,1,1,140891.8779,0,0.13943237359144978
620,Germany,Female,35,1,182124.133225,1,1,1,61719.6105,1,0.5502485115986075
545,Germany,Male,55,6,124045.76544999998,2,1,1,131480.22060000003,1,0.74242729578538
651,Germany,Female,55,6,114679.34434999998,1,1,0,69554.6109,1,0.9107017502000447
610,Spain,Female,60,5,172658.33947499996,3,1,0,149654.1177,1,0.8889248556511758
484,Germany,Female,45,7,177040.70772499996,1,1,1,22101.740999999998,1,0.7357851451941282
541,France,Male,44,3,170263.34487499998,1,1,0,109229.4072,1,0.6175520611057292
461,France,Female,45,5,0.0,1,1,1,43909.3062,0,0.44832059530989254
672,France,Male,41,6,120513.80437499998,1,1,0,143609.69520000002,1,0.5064424936300471
678,Germany,Male,46,6,156647.67837499996,2,1,0,43069.3362,1,0.7601174146384808
815,Germany,Male,34,7,227367.79719999997,1,0,1,144203.4576,0,0.40366089837651264
730,Spain,Male,36,6,0.0,2,1,1,150505.04700000002,0,0.16979343063462501
513,France,Male,45,8,0.0,1,1,0,62078.6349,1,0.5253388411767941
563,Germany,Female,52,6,131001.85094999998,2,1,0,125021.83950000003,1,0.9041923572921923
509,France,Male,28,7,136196.22097499997,1,1,0,139134.1698,0,0.33211007006794796
734,Germany,Male,43,5,161210.87204999998,1,1,0,50082.2109,1,0.7192821994085483
610,Germany,Male,52,6,0.0,2,1,0,128225.09790000001,1,0.790128775560106
711,France,Female,42,1,0.0,2,1,0,102212.62019999999,1,0.5469102432990995
601,France,Male,48,4,79368.26372499998,1,1,1,30796.240500000007,0,0.3826191381610765
601,France,Male,57,1,85208.75434999997,2,0,1,78179.55570000001,1,0.5508549550554146
620,France,Male,38,9,95091.0827,1,0,1,154068.6663,0,0.26097937002322485
565,Germany,Female,68,3,144004.69739999998,3,0,1,110059.16310000002,1,0.9252443611130866
649,France,Male,47,9,115553.27879999999,2,1,1,200.36160000000004,0,0.3595480459751277
684,France,Male,55,6,195824.41327499997,1,1,0,148695.75810000004,1,0.7723193615907139
635,Germany,Female,82,4,98939.98089999998,1,0,1,22233.147300000004,1,0.9660803202146158
607,Germany,Male,39,7,135700.40249999997,1,1,0,132238.5264,1,0.6890154282331493
674,Germany,Male,57,6,141377.81564999997,1,1,1,1684.152,1,0.7393975565992681
789,Germany,Male,43,8,200500.99809999997,1,1,0,3555.4139999999998,1,0.7202452576271698
573,France,Female,47,6,0.0,2,1,0,157136.24970000001,1,0.6786503565389667
643,France,Female,55,4,59703.508675,1,1,0,49342.9644,1,0.7949374856885194
456,Germany,Male,42,9,175972.68317499995,1,1,1,101386.0152,1,0.5925727093166688
724,France,Male,39,4,0.0,1,1,0,7276.0275,0,0.35267867840644074
594,France,Male,50,9,161896.70732499997,2,0,1,154614.97890000002,0,0.4947437018545831
594,Germany,Female,33,4,138536.95339999997,2,1,0,45972.7812,1,0.6882738345160947
601,France,Female,51,1,0.0,2,0,1,130091.7186,1,0.5317307938099679
548,Germany,Male,42,2,130909.35529999998,1,1,1,45252.5778,1,0.5262506333650022
607,France,Female,37,2,0.0,2,1,0,51431.64660000001,0,0.4739697927101666
829,Germany,Male,46,4,108174.86614999999,2,1,0,72986.6214,1,0.7089807132448173
749,Germany,Female,42,7,105169.33942499998,1,0,1,127694.9772,1,0.6120968246648512
596,France,Male,47,2,0.0,1,0,1,98152.44660000001,0,0.33901920168163663
567,Germany,Male,51,0,177716.08202499998,1,1,1,85655.0214,1,0.7085664774426438
702,Spain,Female,48,2,0.0,1,1,1,131129.79030000002,0,0.46633267082321467
533,Germany,Female,45,8,0.0,2,1,1,152199.09720000002,1,0.6409912741666339
850,Germany,Male,52,6,111679.41179999997,3,0,1,48617.2854,1,0.5966730858318722
597,Spain,Male,45,9,0.0,3,0,1,59276.9259,0,0.2903141592491275
722,Spain,Female,39,9,0.0,2,1,1,115046.78670000001,0,0.297350065632039
636,Spain,Male,47,1,152269.02634999997,1,1,0,42512.04810000001,1,0.6289687241760212
573,Germany,Male,54,9,0.0,2,1,0,86770.5777,1,0.8138759459798496
683,Spain,Female,46,7,0.0,2,1,0,84877.1379,1,0.6308988572646692
544,Germany,Female,42,9,146438.29577499998,1,1,1,11793.292200000002,1,0.6585453312096803
674,France,Male,46,2,204360.23824999997,1,0,1,22249.663200000003,0,0.41130245033081936
488,Germany,Male,42,3,151479.65255,1,1,0,74980.1367,1,0.7553170484926394
652,Germany,Male,46,9,199640.24897499997,1,0,0,58603.6377,1,0.7991881208879171
699,Germany,Female,49,1,0.0,2,0,0,75999.5703,1,0.8209414567389394
567,Germany,Female,50,2,139157.23234999998,2,1,0,75974.64660000001,1,0.8881399270364447
697,France,Male,50,4,0.0,2,0,1,21500.056800000002,0,0.3381733634612688
672,France,Male,62,8,224836.69089999996,1,0,0,45690.010200000004,1,0.8521855277278986
478,France,Female,60,2,0.0,1,0,1,75599.4384,1,0.7123148445163607
802,Germany,Male,50,5,0.0,2,1,1,141785.3889,1,0.5273321691863484
594,Germany,Male,38,0,188555.053975,2,1,0,104558.70420000001,1,0.6897855330345987
731,Spain,Male,80,3,0.0,2,1,1,114356.33460000002,1,0.8245791049164647
656,Spain,Female,44,6,79187.768925,1,1,0,11366.4222,1,0.6475178320963122
745,Germany,Male,61,3,131170.70774999997,1,1,1,23427.022500000003,1,0.7764790501710807
807,Germany,Male,57,1,125796.98027499998,1,0,0,103578.831,1,0.8640508039577635
529,France,Male,38,9,0.0,2,1,1,42561.644400000005,0,0.2041773874151487
650,France,Male,43,0,129690.92282499999,1,1,0,42453.7119,1,0.5311341743128019
510,France,Female,42,1,0.0,2,0,1,23097.2877,0,0.37352960643539423
430,Germany,Male,59,3,181334.79909999997,1,1,0,118678.6566,1,0.9261836577986875
750,Spain,Female,49,7,158125.92919999998,1,1,0,70524.8613,1,0.7549213938472669
635,Germany,Female,75,5,155163.02664999996,1,1,0,126197.88659999998,1,0.9808077724339502
786,Spain,Female,42,6,151442.900275,1,1,0,12795.294600000001,1,0.6257069086266609
465,Germany,Female,61,8,162035.7682,1,0,0,146851.0965,1,0.959754967939891
654,Germany,Female,64,5,0.0,2,0,1,38182.638600000006,1,0.8511382395243471
739,Germany,Male,55,7,135825.53744999997,1,0,1,119720.38140000001,1,0.7200546658570666
549,Germany,Female,44,4,0.0,2,0,0,112965.4917,1,0.7953559374156703
738,Germany,Male,64,4,0.0,1,0,1,45137.282400000004,1,0.7638923639333565
781,France,Female,58,0,75513.37459999998,1,1,0,69371.6886,1,0.8144187162808431
416,Spain,Male,45,8,0.0,1,0,0,96967.3518,1,0.5750698912873193
670,France,Female,43,7,0.0,2,1,1,71432.1261,0,0.3552184652549764
473,France,Female,35,6,146356.34044999996,2,0,0,37874.3202,1,0.5726485425254304
445,Germany,Female,44,7,173356.16982499996,2,1,1,57200.58,1,0.7248280240668015
628,Germany,Female,55,6,70975.18939999999,1,1,0,93168.58140000001,1,0.9049888098637412
800,Spain,Female,56,6,0.0,2,1,0,139261.71240000002,1,0.7645673547040578
622,Spain,Male,49,9,0.0,2,0,1,81698.5116,0,0.3620335758223649
660,Germany,Male,34,5,112530.59924999998,1,1,1,58026.780000000006,0,0.34853263438223553
789,Germany,Male,61,3,138435.45152499998,1,1,0,60154.957800000004,1,0.8934849785102963
501,Germany,Male,34,4,172991.49044999995,2,1,0,64995.3234,1,0.6314608443970482
659,France,Female,59,1,0.0,1,1,0,94162.27320000001,1,0.8187359708185679
765,France,Male,51,4,164230.97272499997,1,0,0,81124.2783,1,0.6749185329698311
754,Germany,Female,49,8,171133.973075,1,1,1,71024.79329999999,1,0.7410336238916606
772,France,Male,57,9,201478.920725,1,0,1,14314.1418,1,0.5792139770633112
584,France,Male,48,9,138312.55159999998,1,1,0,143109.76320000002,1,0.6619878838045027
491,Germany,Male,36,4,135227.13264999999,1,1,1,118179.72090000001,0,0.4526785360259648
538,Germany,Male,35,5,82633.70137499998,1,1,1,83234.32830000001,0,0.3825952625744422
632,France,Female,46,7,0.0,2,1,1,42546.586500000005,0,0.4098500047100917
811,Germany,Male,62,10,101720.61649999999,1,0,0,118551.4461,1,0.8968084240529901
537,France,Male,38,3,208746.13757499997,1,1,0,70398.3069,1,0.5293010390038837
683,Germany,Female,45,6,248009.29784999997,2,1,1,30760.8516,1,0.7223093504040065
649,Germany,Female,47,8,151740.02634999997,1,1,1,86391.2628,1,0.727642491598154
612,France,Female,43,0,85830.67319999998,2,1,0,82965.1572,1,0.6391377406317297
659,Germany,Male,44,9,177829.40704999995,2,1,0,144855.0054,1,0.7641412012510118
631,France,Male,42,10,0.0,2,0,1,159037.5546,0,0.25868222351552417
678,Spain,Female,59,1,0.0,2,1,1,83003.049,1,0.6443130328452782
660,Germany,Male,50,5,174244.81047499995,2,1,1,31396.9041,1,0.6497072882541424
815,Germany,Male,47,2,146502.92634999997,2,1,0,1930.7079000000003,1,0.7337264150625799
683,Germany,Male,45,5,191712.20532499996,1,0,1,21705.351300000002,1,0.584816825444912
678,Germany,Male,65,4,171458.03847499998,1,1,1,149141.331,1,0.8605771650808994
475,France,Male,49,6,0.0,1,1,1,46169.919,0,0.38631206548577013
647,France,Male,45,4,163674.82179999995,1,1,0,67967.424,1,0.5951692875426963
669,Germany,Female,52,1,137372.558275,1,1,0,120375.33119999999,1,0.8990314463676364
445,France,Female,40,3,0.0,2,1,1,103630.74390000002,0,0.3667331145779483
607,Spain,Male,44,9,175151.88677499996,1,1,0,143975.6532,1,0.6216139412887781
573,France,Male,36,8,114093.30492499997,2,1,1,73043.61300000001,0,0.22629348841185457
497,France,Male,57,6,0.0,1,1,1,72944.6148,1,0.5282782794887367
706,Germany,Male,48,5,215613.54945,2,1,1,109886.35770000001,1,0.6457317737915068
850,Germany,Female,55,5,168299.74977499995,1,1,1,156122.82630000002,1,0.8093006972933025
646,France,Male,50,5,123892.36867499998,2,1,1,145373.34060000003,0,0.4470349185265146
504,France,Female,42,8,273312.80937499995,1,0,0,13188.371400000002,1,0.7539466696688676
850,Germany,Male,53,5,171005.98152499998,2,0,1,15588.109800000004,1,0.6535335489140439
577,Spain,Male,41,6,0.0,1,1,1,159080.1525,0,0.2671184167381721
708,Germany,Female,61,8,93572.40304999998,1,1,1,75265.2324,1,0.8541150174838382
614,France,Male,60,4,181320.66157499998,1,1,0,103004.8569,1,0.8288647274262451
710,France,Female,47,5,0.0,2,1,0,93476.6811,1,0.6329066736120921
718,France,Male,47,8,0.0,2,1,1,115.6761,0,0.27846126764407153
605,France,Male,51,5,121158.073475,1,1,1,23026.5504,0,0.45905817120496584
672,France,Female,63,9,224039.87142499996,4,1,1,119322.29070000001,1,0.7981412290169789
680,France,Female,57,5,0.0,2,1,1,145673.0973,1,0.614174433474948
732,Spain,Male,43,8,0.0,1,1,0,97104.987,0,0.4486954416371964
665,Spain,Male,39,1,241728.85114999994,2,1,1,51623.649000000005,0,0.3179112703744654
644,Spain,Female,56,6,16477.278775,1,0,0,126997.7454,1,0.8099474863369249
601,Germany,Female,52,4,127970.24452499999,1,1,1,161386.54650000003,1,0.8013913327828223
765,Spain,Female,43,5,111827.71694999999,1,1,1,55921.938299999994,0,0.41691769591868133
559,France,Male,43,9,146876.916125,2,1,0,89401.1904,1,0.5665491704135563
645,France,Female,34,3,45689.49194999999,1,1,1,9426.917700000002,0,0.2479400267098667
517,France,Male,38,2,152170.30172499997,1,1,0,145035.54630000002,1,0.5140354486255991
565,France,Female,54,1,0.0,2,0,1,72578.2761,1,0.5821450242657817
618,Spain,Male,43,4,0.0,2,1,1,62815.6458,0,0.26098290748693137
529,Spain,Male,44,9,0.0,1,1,1,75498.6582,0,0.30735343364149137
706,France,Female,33,5,0.0,1,0,0,132944.01210000002,0,0.41280400423788133
604,France,Female,50,1,0.0,2,1,0,99797.80769999999,1,0.7061789934210762
609,Germany,Male,48,6,186144.59934999995,2,0,1,138858.4296,1,0.663720541658079
850,Germany,Male,40,5,162945.9656,2,1,1,82766.0187,0,0.42787541399917683
686,France,Female,44,1,0.0,2,1,0,70695.5688,1,0.5821348475145233
651,Germany,Male,50,1,178220.37772499997,2,0,0,141291.58860000002,1,0.8368191160493172
537,France,Male,47,6,0.0,1,1,1,14419.960199999998,0,0.33159995871473
473,France,Female,43,5,166406.77617499998,1,0,1,118015.97130000002,1,0.5396103293269676
528,Germany,Male,50,4,0.0,2,1,0,20573.757,1,0.76388497670252
792,Germany,Male,41,6,94254.42952499997,2,0,1,101989.3437,0,0.42775419298040696
601,Germany,Female,57,1,188855.67144999997,1,1,1,46617.9462,1,0.8594939909731708
698,Spain,Female,50,0,121740.67439999997,1,1,1,116382.2823,1,0.5781970434285504
685,Germany,Female,54,2,158247.08342499996,1,1,0,117763.51049999999,1,0.9142065781412139
759,France,Female,55,8,0.0,2,1,1,80393.5044,1,0.5452531991567106
519,France,Male,49,2,149385.97634999998,2,1,0,79050.45960000002,1,0.6759567699146418
667,Germany,Female,43,4,168058.90929999994,2,1,0,55899.44460000001,1,0.8204802639483704
504,Germany,Male,53,5,178193.90127499998,2,1,0,146959.03710000002,1,0.8797047789240152
575,Spain,Male,53,3,0.0,1,1,0,67711.55309999999,1,0.657735614843711
597,France,Female,43,6,179467.99777499997,2,0,0,60629.1804,1,0.6988985104019849
704,France,Male,57,5,0.0,2,1,1,117724.2741,0,0.47093450642292695
820,Germany,Male,49,9,147243.03702499997,1,1,0,13583.951100000002,1,0.771331062836281
544,Germany,Male,74,9,150539.44762499997,1,1,1,100716.6069,1,0.9254553755364345
516,France,Male,47,8,0.0,1,1,0,82486.0098,1,0.5646594384076665
556,Germany,Male,52,0,153298.28842499998,2,0,1,101602.73070000001,1,0.7114966192154552
606,France,Male,71,5,143049.65402499997,2,0,1,7001.000099999999,1,0.7855513544376196
608,France,Male,60,6,0.0,1,1,0,75790.70370000001,1,0.7485305727450859
817,Germany,Male,55,9,133847.24937499998,1,0,0,71451.00720000001,1,0.8446502682987787
796,Germany,Female,62,9,221114.54109999994,1,1,1,50875.23330000001,1,0.8865335719973372
559,France,Male,62,2,0.0,1,1,0,104501.0079,1,0.7874222206893883
809,Germany,Male,51,1,105411.51562499999,2,1,0,134196.75810000004,1,0.7885236314753239
515,France,Male,51,8,0.0,2,1,1,149893.85340000002,0,0.42162979050123633
551,Germany,Female,55,6,0.0,2,1,1,41426.1783,1,0.7654370020230703
601,France,Female,53,2,0.0,1,1,0,40268.2347,1,0.7486472868614108
646,Germany,Female,62,6,147775.35649999997,2,0,1,55377.415799999995,1,0.8815910667084482
639,Spain,Female,37,2,0.0,1,1,1,67180.5819,0,0.28585934214615005
702,Germany,Male,46,9,119766.23479999998,2,1,0,141157.78470000002,1,0.753901497722587
850,Spain,Female,67,8,167661.65675,2,1,1,107161.7769,1,0.8096736620123184
718,Germany,Male,73,7,162938.4538,1,1,1,81436.428,1,0.9067478809560736
850,France,Female,42,8,0.0,2,1,1,45030.978,0,0.29251915614831075
726,Spain,Female,36,1,106831.76159999998,1,1,1,15572.9385,0,0.2996468260180144
640,Spain,Male,72,3,0.0,1,1,1,82347.41070000001,1,0.7478697968666271
803,Germany,Female,55,7,0.0,2,1,1,103986.21239999999,1,0.7247714974003175
565,Germany,Male,43,8,172412.08997499995,2,1,0,85570.36829999999,1,0.7572419253396474
487,Germany,Female,71,5,145961.71967499997,1,0,0,9221.4045,1,0.9759804818663682
588,Spain,Female,45,7,0.0,2,1,1,88078.7115,0,0.42329406825330707
653,Germany,Female,48,5,151119.72094999996,2,1,1,72515.11230000001,1,0.7287308262069112
829,France,Male,48,9,0.0,2,1,0,24729.2028,0,0.4752903257695688
727,Germany,Male,53,2,128815.70554999997,1,1,1,87006.1662,1,0.6763068518414571
667,Spain,Male,87,2,0.0,1,1,1,28109.3652,1,0.8900147875259321
586,Germany,Male,52,6,167566.68802499998,2,1,0,33762.66300000001,1,0.8460893429708374
650,France,Female,41,1,212348.68047499997,2,0,0,21929.7861,1,0.665813649113142
613,Germany,Male,38,7,101378.08899999998,2,1,1,150241.4244,0,0.4303189608320698
554,France,Male,54,7,112814.89707499999,1,1,1,47041.981199999995,1,0.5267920823063703
714,Germany,Female,61,4,116788.48057499998,3,0,0,4748.6493,1,0.9287798705344397
598,Spain,Male,54,8,0.0,2,1,0,120275.199,1,0.6690058867156364
595,Spain,Male,46,6,113428.73544999998,1,1,1,20090.243700000003,0,0.3787254832858236
511,Germany,Male,58,6,198012.74079999994,1,0,0,71529.3747,1,0.9169376544735841
569,Germany,Female,61,3,0.0,3,1,0,60818.81760000001,1,0.9199605922390487
583,France,Male,50,3,0.0,2,1,0,38659.68000000001,1,0.5784180492591511
727,Germany,Male,55,6,151324.21912499997,2,1,1,84789.81180000001,1,0.7097055148053906
623,Germany,Male,52,1,197492.20479999998,2,1,0,81675.71820000002,1,0.8557640796231769
697,Germany,Female,43,1,115517.33324999998,1,1,0,139744.8531,1,0.8128062790543569
588,Germany,Male,69,4,0.0,2,1,1,22222.682099999998,1,0.8323242816118298
536,France,Female,51,9,0.0,1,1,0,98252.3034,1,0.7450763076575087
580,France,Female,45,8,0.0,2,0,1,8389.194300000001,0,0.40523437225781184
739,Germany,Male,50,5,197225.78717499995,3,1,1,48629.9619,1,0.6368056952569059
767,France,Female,45,9,0.0,2,1,0,32004.4041,1,0.5717297776296592
560,France,Female,40,0,143998.15102499997,1,1,0,22611.109500000002,1,0.6355302628943071
710,France,Male,50,5,0.0,2,0,0,131931.9576,1,0.5718570468856595
701,France,Male,39,2,0.0,2,1,0,143324.3079,0,0.374755857844206
686,Spain,Female,45,4,0.0,2,1,1,129338.0055,0,0.4060419809441869
847,Germany,Female,51,3,134291.29197499997,4,1,0,12980.387700000001,1,0.8435131997390878
638,Germany,Female,46,6,0.0,1,1,0,133040.4831,1,0.8092787619050816
688,France,Male,36,1,0.0,2,1,1,84593.11140000001,0,0.16195273651470266
687,Germany,Male,54,8,126124.36514999998,2,1,1,1448.1585,1,0.6743790351386849
660,France,Female,50,8,221096.88572499997,1,1,1,149977.1214,1,0.6476249262876865
824,Germany,Male,59,8,176198.63229999997,1,1,1,54987.1497,1,0.7621877003960252
757,Spain,Male,40,3,192286.85802499996,1,0,1,160656.3315,0,0.3210317386312395
466,France,Male,50,4,121130.49934999998,1,1,0,114380.2458,1,0.7045909863503311
718,France,Female,53,0,123182.13327499999,1,1,0,135719.4366,1,0.7970410972205784
714,Spain,Male,55,0,164907.12729999996,1,0,1,151627.2615,1,0.5735531919406266
663,Germany,Male,54,2,154770.32349999997,2,0,1,117190.9458,1,0.7213283132011377
759,France,Female,32,5,0.0,1,1,0,18065.5677,0,0.3525989491614763
754,France,Female,57,1,245341.82857499996,1,1,0,22225.452300000004,1,0.8625414110898073
710,France,Male,48,2,0.0,2,1,0,77.9787,1,0.5004783329254202
754,France,Male,71,5,193908.05787499997,1,1,1,33870.3282,1,0.7884293308812956
619,Germany,Female,38,6,131129.485425,2,1,0,39264.847200000004,1,0.7506028686080547
740,France,Male,54,9,0.0,1,0,1,78187.68,0,0.41826052287780435
563,France,Female,44,6,0.0,2,0,0,29594.9133,1,0.612371128606381
697,Germany,Male,53,7,152579.39065,2,1,0,51952.671,1,0.8368711313020164
656,France,Female,85,3,0.0,2,1,1,1034.2647,1,0.9152894979946885
565,Germany,Male,41,2,118440.97077499998,2,1,1,3597.6474,0,0.47496671803529633
521,Germany,Male,53,8,0.0,1,1,1,75475.8729,1,0.6495468393573235
789,France,Female,63,1,209314.37614999997,1,1,1,4079.4759000000004,1,0.7762813378183984
597,Germany,Female,38,0,188728.618875,1,1,0,103059.04590000001,1,0.7978093123892701
608,Germany,Male,52,8,173764.26687499997,2,1,0,57654.2529,1,0.8480097076240832
560,France,Male,60,3,0.0,2,1,0,68470.7499,1,0.7478619949615687
778,Spain,Female,57,6,168353.37714999996,2,1,0,101002.9419,1,0.8425570569525239
660,Spain,Female,38,3,170509.7663,1,1,1,160436.4651,0,0.41553702979100465
638,Germany,Female,44,7,0.0,2,1,1,161165.5218,1,0.5992499601450118
564,Germany,Female,46,7,272870.96212499996,1,1,1,37772.62470000001,1,0.7812807500287374
795,Germany,Male,42,2,155083.240225,1,1,1,160636.95630000002,1,0.5010268978908426
581,France,Male,38,3,138026.01874999996,1,1,1,24249.577500000003,0,0.2628007027386212
458,Germany,Female,49,9,0.0,2,1,0,94237.9029,1,0.855208951668081
850,Germany,Male,61,4,164553.37177499998,1,0,0,96021.8469,1,0.8991395783811581
543,Germany,Male,47,8,186332.39435,2,1,1,95627.94390000001,1,0.6494099378577316
526,Spain,Female,53,3,0.0,2,1,0,25681.2039,1,0.7602169295137013
682,Germany,Male,42,2,139079.23129999998,2,1,1,132978.07259999998,1,0.5032489973885483
515,France,Male,43,2,0.0,2,1,1,110183.4657,0,0.2826576938201745
652,Spain,Female,50,7,132873.34714999996,1,1,1,100886.21280000001,1,0.5950946186835558
762,France,Male,41,7,155641.52037499996,1,1,1,129068.9883,0,0.2954488585140344
721,Spain,Male,61,0,223915.29192499997,1,1,0,88353.46350000001,1,0.8416606667377622
350,France,Female,70,3,0.0,1,0,0,92174.8815,1,0.9344390935379318
613,France,Female,34,7,185750.29597499996,1,1,0,104491.053,1,0.5626595172142469
532,France,Male,52,1,210310.17897499993,1,1,0,81796.17330000001,1,0.7583647202776197
512,Germany,Male,52,9,124256.58517499999,2,1,0,12011.117400000001,1,0.8394537046261211
709,France,Female,42,7,0.0,2,1,1,161528.5962,0,0.34719276966495044
639,France,Female,60,6,152530.96069999997,2,1,1,43035.63210000001,1,0.7373588415299313
777,France,Male,53,1,0.0,2,1,0,17646.5871,1,0.5756566812324758
736,France,Male,53,4,232937.92914999998,1,1,1,42814.072799999994,1,0.536578256438565
715,France,Female,41,2,148400.55514999997,2,1,1,147096.58320000002,0,0.4156626510401739
786,Spain,Male,50,6,0.0,2,0,0,33411.528000000006,1,0.5407743945894661
620,France,Female,52,1,0.0,2,0,1,53108.3952,1,0.527888157798822
535,Germany,Female,39,2,148605.80714999998,1,1,0,150360.9156,1,0.809926201234872
433,Spain,Male,37,2,0.0,2,1,1,124495.90650000001,0,0.22745872508925136
588,Spain,Male,47,2,0.0,2,0,1,152131.43790000002,0,0.35026768865411845
621,Spain,Female,53,8,0.0,1,0,0,83273.346,1,0.764714927705694
723,Germany,Female,38,5,121588.41497499998,1,1,0,116220.2985,1,0.7462076202695815
756,Germany,Male,51,2,164571.225525,2,0,1,38145.4191,1,0.6438113633135871
531,Germany,Male,37,8,175332.09062499998,1,0,0,5850.565200000001,1,0.6797400607934779
680,Germany,Female,40,8,187056.71437499995,1,1,1,13185.9657,1,0.6161335640373985
548,France,Male,39,5,110353.34104999997,1,0,1,143384.0859,0,0.29643289188001903
731,France,Female,57,1,152635.26627499997,3,0,0,155305.0827,1,0.8415734834589771
612,Germany,Female,57,6,171957.89057499994,1,1,1,37057.6701,1,0.8520412096397297
591,France,Female,66,9,170447.09302499998,1,1,1,158955.9714,1,0.8470986713429535
577,France,Male,70,10,165827.87824999998,2,1,1,144679.5513,1,0.8043670081627815
643,France,Male,40,5,124901.88582499999,1,1,1,134147.664,0,0.29099022141044323
649,France,Male,55,7,0.0,2,0,1,60915.41010000001,0,0.4443904984989988
589,Germany,Male,39,2,0.0,2,0,1,79639.41870000001,0,0.3810760192375723
781,Spain,Male,45,4,106845.75364999998,1,1,0,94307.9031,1,0.5393849313240874
702,Germany,Female,46,2,139212.8038,2,1,1,42856.9947,1,0.6754030110241502
637,Spain,Female,55,2,208861.69762499997,1,1,1,117558.9369,1,0.7250384939187176
562,France,Male,55,6,180991.05489999996,1,1,0,37959.84,1,0.7715283769054071
838,Spain,Female,51,5,0.0,2,1,0,65863.9431,1,0.6709133598542019
531,France,Female,52,2,0.0,2,0,1,73335.3507,1,0.5560854894126422
481,France,Female,49,6,0.0,1,1,1,19988.8074,1,0.509783143647489
676,France,Female,44,8,109647.33764999999,1,1,0,74372.07780000001,1,0.6641118374532007
749,Germany,Female,39,7,181260.59362499995,3,1,0,83410.33320000001,1,0.7609242921471694
608,Spain,Female,38,4,0.0,2,1,0,8828.7003,0,0.49290139636303043
575,Germany,Male,59,7,160293.81087499997,4,1,1,136145.2293,1,0.7893190322141145
589,France,Female,69,2,0.0,2,1,1,102189.7944,1,0.8000549666065424
591,France,Female,43,4,150425.60682499997,1,1,0,100946.31480000001,1,0.6956820521538991
583,Germany,Male,69,7,168552.81014999998,1,0,1,54717.695100000004,1,0.8955309215239106
534,Germany,Female,44,7,160751.96454999998,2,1,1,56844.99,1,0.6985129983129836
817,Germany,Female,65,10,155475.07052499996,1,1,0,77712.65550000001,1,0.9517017246738533
805,France,Female,41,4,0.0,2,1,0,3886.4772000000003,0,0.4830004459769047
754,France,Male,47,6,0.0,1,1,1,94074.79320000001,0,0.296550572698045
615,France,Male,76,7,0.0,2,1,1,60410.448000000004,1,0.7856668341458405
592,Germany,Female,44,6,135085.34742499996,2,1,1,83129.47379999999,1,0.6756115909377709
660,France,Female,58,0,119083.61319999998,2,0,1,151960.0257,1,0.710091713934799
468,France,Female,66,10,0.0,3,0,1,50428.0647,1,0.7756731710022884
721,Germany,Male,45,10,0.0,2,1,0,57991.3506,1,0.6557233250991206
633,France,Male,48,2,121541.13559999998,2,1,1,87215.41350000001,0,0.4008817921302355
730,France,Female,47,1,0.0,2,1,1,100735.3503,0,0.4131301790050732
726,Spain,Female,37,7,163759.977575,1,0,1,63966.169799999996,0,0.36441738230639614
687,Spain,Female,39,7,123808.57507499999,1,0,1,91571.24519999999,0,0.38933099511857333
592,France,Male,49,7,0.0,2,1,0,67298.3073,1,0.5652434099478975
565,Germany,Female,50,1,119018.003975,2,0,1,98078.2587,1,0.7665265145339596
680,Germany,Male,42,7,232037.91499999995,1,0,1,62653.4352,1,0.5674784224293706
696,Spain,Male,34,9,0.0,1,0,0,8815.651200000002,0,0.296157726072421
688,Germany,Male,45,5,147562.14304999996,1,0,0,134594.4033,1,0.7683055308580378
697,France,Female,52,10,0.0,2,1,0,49662.8415,1,0.707691847761471
459,Germany,Male,56,7,145946.36544999998,1,1,0,4024.9953000000005,1,0.8902550232272437
562,Spain,Male,46,5,0.0,1,0,1,148103.0244,0,0.3504560214893088
587,Germany,Female,49,6,134699.00549999997,2,1,0,5754.0051,1,0.8708524961649163
587,Germany,Male,56,9,142632.70945,1,1,0,112939.11000000002,1,0.8853541197254949
717,Germany,Male,63,6,0.0,2,0,1,79068.0447,1,0.7519853285750553
850,Spain,Male,46,0,0.0,2,1,0,114406.4817,0,0.46177234792478133
547,Germany,Male,65,4,147277.25009999998,3,1,0,13707.0468,1,0.9285377102252373
692,Germany,Male,34,2,159489.43992499996,1,0,1,146197.3293,0,0.3925162786252303
568,Spain,Female,36,6,0.0,2,0,0,134861.11200000002,1,0.5020003025766165
755,France,Male,52,2,158593.03619999997,1,1,0,127063.2501,1,0.6923020891541738
448,Germany,Female,46,6,111020.06619999997,2,1,0,66419.6193,1,0.862069940838709
661,France,Male,61,6,193887.22849999997,1,1,1,55097.739,1,0.6712529181578514
735,Spain,Male,46,5,0.0,2,1,0,85173.2577,0,0.48700341482065723
772,Germany,Male,52,3,99287.09747499999,2,1,0,75239.70120000001,1,0.7960550037885661
553,Spain,Female,49,1,188954.80604999998,2,1,0,35934.370200000005,1,0.7916836289391882
731,Spain,Male,56,10,0.0,2,1,0,123942.49020000003,1,0.6704102483779342
454,France,Male,44,4,0.0,2,1,0,161042.3532,1,0.5323502567926149
616,Spain,Male,40,5,0.0,2,0,1,158847.89310000002,0,0.24157631443492525
722,Germany,Female,48,3,0.0,2,0,1,136067.6232,1,0.6461409603638332
468,Germany,Male,56,7,120934.35937499997,1,1,0,8876.125800000002,1,0.8831888724220787
511,Germany,Male,43,7,0.0,2,0,1,128234.23470000002,0,0.4831619626853556
745,Germany,Female,54,0,158221.53272499997,1,1,1,27754.714800000005,1,0.7931664958879986
510,Spain,Female,48,4,0.0,1,1,0,96319.9593,1,0.7149431924580728
796,Germany,Male,40,2,181529.93397499996,2,1,0,50953.2849,1,0.6600295385141078
752,Germany,Female,47,5,149827.413625,2,1,1,107298.70740000001,1,0.6978671737273825
684,Germany,Male,42,3,135728.346925,2,1,1,103221.1107,0,0.4942322103003706
669,France,Male,67,5,0.0,2,1,1,46069.365600000005,1,0.640823653076235
560,Spain,Female,37,7,165307.18354999996,1,1,1,92882.52990000001,0,0.4071771761302011
655,Spain,Female,45,1,140720.652175,1,1,1,67149.20250000001,1,0.502080088100507
586,Germany,Female,66,9,133283.86437499998,2,1,1,44103.212100000004,1,0.9079051737568267
850,Germany,Female,50,7,138134.86049999998,1,1,1,605.7828,1,0.7053270991444848
712,Germany,Male,48,7,175585.23034999997,2,1,1,47883.7737,1,0.6076208898125485
786,Germany,Male,34,2,158879.264875,2,1,1,101614.0707,0,0.3428720562806168
616,Germany,Female,51,1,136958.85382499997,1,1,0,191.52450000000002,1,0.8874884611136759
743,Germany,Male,49,3,158297.62937499996,1,0,1,21170.2653,1,0.617227624690665
713,Germany,Male,57,1,126953.36104999998,1,1,0,159998.6763,1,0.8782373752205056
622,Germany,Female,33,8,0.0,2,1,1,106425.40590000001,0,0.3965352085605273
735,France,Male,54,9,159601.455675,1,1,0,60617.43540000001,1,0.7162862834272415
661,Germany,Female,45,5,199334.51342499998,2,0,1,92062.0485,1,0.7175047423078793
559,Spain,Female,37,1,0.0,1,0,1,850.7673,0,0.2968830031754601
771,Spain,Female,51,5,0.0,2,0,1,75260.8827,0,0.4851953912871191
683,France,Female,39,9,0.0,2,1,1,39568.4109,0,0.2840271396800982
577,Germany,Female,53,3,169201.271575,1,0,0,101363.9832,1,0.9206253571475548
624,Spain,Female,46,0,0.0,2,1,0,90400.779,1,0.6454262219535075
747,Germany,Male,53,1,172968.06897499997,1,0,1,82210.95,1,0.7008897846056665
720,France,Male,43,2,0.0,2,0,1,114235.1748,0,0.2458457645251575
578,France,Male,60,5,199982.28714999996,2,1,0,137541.56399999998,1,0.8387640036305049
645,France,Female,58,7,119834.81964999998,1,1,1,120802.6953,1,0.7133642903991282
684,France,Male,37,2,178013.63129999998,1,1,1,58097.8413,0,0.25329901650688935
635,Spain,Male,34,4,185410.77054999996,1,1,1,115778.0223,0,0.2435628940031846
683,Spain,Male,40,1,149782.64699999997,1,1,1,52678.3662,0,0.2886123266476938
657,Germany,Female,47,6,126755.806,1,1,0,98996.76629999999,1,0.8577309748775728
770,Germany,Female,80,9,146452.182025,1,1,0,18360.083700000003,1,0.9826349512714455
595,Spain,Female,33,10,133740.00785,2,0,0,30004.668000000005,1,0.5054552770586233
581,Spain,Female,60,4,0.0,2,1,1,65368.39320000001,1,0.6806549796736281
670,France,Male,43,8,167533.890025,1,1,1,31955.3829,0,0.33635377750254175
569,Spain,Female,52,1,0.0,1,1,1,67739.97600000001,1,0.5596236105092863
695,Germany,Male,37,6,166043.7896,1,1,0,85285.9206,1,0.6443760860780575
604,Germany,Female,57,4,157255.30099999998,1,0,1,38699.491500000004,1,0.8516227101752654
763,Spain,Female,47,6,0.0,2,1,1,121261.2525,0,0.4196277661113861
779,Germany,Male,47,7,158822.35769999996,2,1,0,110099.83320000001,1,0.7653187271411552
666,Germany,Male,48,6,132002.53379999998,2,1,1,128269.9557,1,0.6089094682057589
543,France,Male,52,7,0.0,1,1,1,45886.8807,0,0.42090772049113895
598,France,Male,58,6,159602.64592499996,1,1,0,24814.771200000003,1,0.7904297806793467
738,Germany,Male,72,10,109778.48997499997,1,1,1,34640.484300000004,1,0.8812586312425094
679,Germany,Female,42,0,116823.10362499999,1,0,0,129263.6961,1,0.8077462780047013
488,Germany,Female,32,6,0.0,2,1,1,53779.0509,0,0.4023044951905813
476,France,Male,47,4,0.0,1,1,1,45178.430400000005,0,0.35199349183269857
687,France,Female,45,1,146469.71837499997,2,1,1,38816.188200000004,0,0.46937778176897677
694,France,Male,52,8,176907.10877499997,1,1,0,29488.2201,1,0.6990999164957733
660,Germany,Male,41,9,165563.444375,2,1,1,113298.2883,1,0.5052967697354392
691,Germany,Male,62,3,0.0,1,1,0,142433.3808,1,0.8824619812698405
680,Germany,Male,44,3,189504.92637499998,1,1,0,53886.068100000004,1,0.7587982381545516
667,France,Male,52,6,0.0,1,1,0,72000.9405,1,0.6101768332499155
657,France,Male,43,1,111499.40632499999,2,0,0,84170.66399999999,1,0.5217337581702167
695,Spain,Male,38,0,126987.58734999997,1,1,1,46973.916900000004,0,0.24527960409672306
626,France,Male,54,10,0.0,2,0,0,133073.1666,1,0.6619697796208861
570,Spain,Male,31,7,153542.01195,1,1,1,119950.9722,0,0.20476987049798298
722,France,Male,40,5,0.0,2,1,0,134764.9974,0,0.3851821293596426
791,Germany,Male,45,5,171698.29705,1,1,1,147353.7906,1,0.5642011877825467
655,Germany,Female,37,9,0.0,2,0,0,87486.52050000001,1,0.6728722322845204
591,France,Female,52,10,0.0,2,0,0,138590.36820000003,1,0.7505443516586368
458,Germany,Male,45,9,194117.23769999994,2,1,1,2815.8678000000004,1,0.6232524359787903
840,France,Male,40,8,180245.78647499997,1,1,0,43831.8378,0,0.4609547729900261
690,Germany,Male,42,0,141088.9552,2,1,1,111712.3569,0,0.4974171515166318
735,France,Male,51,7,98044.66162499998,1,1,1,9544.311000000002,0,0.4076641070753174
674,Germany,Male,54,3,117573.172725,1,1,0,59722.36920000001,1,0.8443728149279679
546,Spain,Male,35,7,168920.59739999997,2,1,1,85276.58940000001,0,0.25358412128344276
658,Germany,Female,48,6,136078.76974999998,1,0,0,126089.26560000001,1,0.8745378890887412
706,France,Male,45,5,0.0,2,1,1,66191.8797,0,0.26349472289935777
591,Germany,Female,54,10,150212.16854999997,1,1,0,1608.1821000000002,1,0.9129623321009481
650,Spain,Female,33,5,0.0,1,1,1,146304.16830000002,0,0.24152435760869917
562,France,Male,72,3,0.0,2,1,0,85848.6681,1,0.8770375086943465
619,Germany,Male,51,3,195695.82659999997,2,1,0,138120.2523,1,0.8530571593926265
548,Germany,Male,42,5,231721.45397499995,1,1,1,125684.1441,1,0.6080765553259955
615,Spain,Male,51,1,167657.86117499997,1,1,1,44996.5206,1,0.5006912625039478
519,Germany,Female,48,7,165747.02059999996,1,1,0,152462.79270000002,1,0.8970557261351481
519,France,Female,32,8,0.0,1,0,1,135717.97860000003,0,0.2502161675178611
828,Spain,Male,52,10,0.0,1,1,1,150717.6234,0,0.37989785587175956
696,Spain,Female,40,0,0.0,2,1,1,7292.268,0,0.29722893680784945
606,Spain,Male,44,3,213679.28739999994,1,0,1,154771.7382,0,0.43811016534396086
799,Germany,Male,48,2,0.0,2,1,1,48030.8454,0,0.47119927821773866
718,France,Female,54,1,177038.07594999997,1,0,1,112629.8844,1,0.6701678553666948
850,France,Male,41,1,127488.08747499998,2,1,0,86292.6615,0,0.438659280557261
764,Spain,Male,48,4,150245.87907499998,1,1,0,73786.51260000002,1,0.619399179386048
680,Germany,Female,61,5,189302.47807499996,1,0,0,38714.2983,1,0.9486283039710732
554,Spain,Male,47,3,0.0,2,1,0,134603.613,1,0.5635131431296522
553,Germany,Male,56,3,108829.97974999998,1,1,0,91165.49190000001,1,0.8775491713795195
713,France,Female,62,0,245841.56164999996,1,1,1,37559.3517,1,0.7984738790732357
807,Germany,Female,52,9,139333.429025,2,1,1,105696.3897,1,0.7526315159778867
720,France,Female,44,6,146423.73505,1,1,1,7612.744500000002,0,0.4483502394318061
621,France,Male,36,2,99501.64664999998,1,0,1,35818.524000000005,0,0.21708724362317358
652,France,Male,58,4,78670.64497499997,1,1,0,132794.78579999998,1,0.7599157309042585
625,Germany,Female,49,10,171720.35634999996,1,1,1,78120.35280000001,1,0.7682719753479663
587,Germany,Female,48,0,174731.90045,2,0,0,25701.5592,1,0.8786646855544203
636,France,Female,34,9,0.0,2,0,1,31452.8832,0,0.22878318496820035
758,Germany,Male,43,0,170791.00914999997,2,1,1,21551.086799999997,0,0.49686257414957113
693,Spain,Female,67,9,0.0,2,1,1,109757.24369999999,1,0.7655682436096581
788,Spain,Male,47,8,187188.30312499998,1,0,0,53470.748700000004,1,0.621687622383651
703,Germany,Female,36,1,128720.49877499999,1,1,0,51611.166900000004,1,0.7140489523423155
721,Spain,Male,43,5,0.0,2,0,1,95277.78899999999,0,0.250533242129116
641,France,Male,87,9,0.0,3,1,1,66026.38859999999,1,0.8832436777938512
777,France,Female,40,4,182308.35747499997,1,1,0,4056.6663000000003,1,0.6010769793308852
590,France,Female,42,0,168966.88489999998,1,1,0,81581.2074,1,0.6865938748000756
651,Spain,Female,56,4,118685.18362499998,1,1,0,126704.71170000001,1,0.8428549529978643
697,France,Female,55,1,0.0,2,1,0,37914.1722,1,0.7471687819291658
694,Germany,Male,57,4,0.0,2,1,0,159998.1822,1,0.8351016719384123
612,France,Female,48,7,146288.95907499996,1,1,1,156737.3733,1,0.5809798403079284
568,Spain,Female,46,10,203150.03172499995,1,1,1,43807.878000000004,1,0.5797550078576622
663,Spain,Female,63,6,198639.80417499997,1,0,1,122566.9887,1,0.8212829216152538
779,France,Male,59,9,140397.08932499998,1,0,0,94684.03469999999,1,0.7764911262714044
481,France,Male,54,9,231838.29684999996,1,1,0,53055.4293,1,0.7988336193133488
798,France,Male,47,8,0.0,3,0,0,89734.4568,0,0.47455310244746896
621,Spain,Male,51,5,138375.38357499999,1,1,1,77396.4882,0,0.4878578651238825
706,Germany,Male,64,9,155320.36447499998,1,1,1,150853.4685,1,0.843072770987935
583,France,Male,43,7,162048.38484999997,1,1,0,10974.8844,1,0.5641590068790656
757,France,Male,42,9,0.0,2,1,0,93920.2776,0,0.4028193204518533
692,France,Female,46,3,105206.35619999998,1,0,1,144396.3267,1,0.5007665381490727
669,Germany,Female,60,4,148980.80202499998,1,0,0,134772.8382,1,0.9444843582456095
613,France,Male,36,4,132840.58882499998,1,0,1,121219.5861,0,0.2475612157357584
788,France,Female,53,10,0.0,2,1,1,94050.3231,1,0.5049371046897531
850,Spain,Male,51,8,175678.347575,1,1,1,142031.2968,0,0.46548305096334863
652,France,Male,46,1,0.0,2,1,1,122565.13380000003,0,0.2990595676428055
850,France,Male,45,9,134961.74657499997,1,1,1,3053.4651,0,0.30211130935295205
679,Spain,Female,36,3,101242.74434999998,1,1,1,149688.2187,0,0.3329641557878891
686,France,Male,42,6,0.0,2,1,1,145065.5406,0,0.2399256362440662
509,France,Male,36,10,0.0,2,1,1,5004.042300000001,0,0.1801879258475405
760,Germany,Female,42,7,0.0,2,1,1,85834.9305,1,0.5154957458957596
660,Spain,Female,71,5,206218.89297499997,1,1,1,128254.09590000001,1,0.8911125607241395
850,Germany,Female,58,6,148071.05427499997,1,1,0,90522.198,1,0.9191120260042768
713,Germany,Female,34,7,195316.37489999997,1,1,1,98489.925,1,0.5251655779521995
567,Germany,Female,56,1,90245.42947499998,2,1,1,88753.7898,1,0.8190148390200359
645,Spain,Male,59,2,0.0,2,0,0,8118.751499999999,1,0.7186467656512242
537,Germany,Male,94,8,121990.49464999998,1,1,1,150851.14380000002,1,0.9808462443995292
662,France,Female,32,9,0.0,2,1,1,35945.8965,0,0.19631350986330495
454,Spain,Female,58,5,191547.97727499998,1,1,1,75452.93370000001,1,0.7861814004536152
669,Germany,Female,48,9,161158.50104999996,1,1,0,105911.8254,1,0.8758070125489219
608,Germany,Male,36,1,141043.27605,1,0,1,5721.5160000000005,0,0.40760363465267857
655,Spain,Male,47,8,216504.59704999995,2,0,0,61769.9763,1,0.6628627100295443
762,Spain,Male,39,10,152808.69892499998,2,1,0,120087.70830000001,0,0.46152642214944195
588,France,Female,74,3,0.0,1,1,1,153659.9565,1,0.8629323735850668
702,Germany,Female,70,5,183295.24665,2,1,1,33644.6379,1,0.9289180754589941
724,France,Male,38,9,0.0,2,1,1,81194.56199999999,0,0.17720103170048898
621,Germany,Female,41,8,132746.45327499998,1,1,1,73211.2506,1,0.6270617246556833
676,Germany,Male,58,3,106722.36439999999,1,0,0,82132.2666,1,0.880250577339782
471,Germany,Female,46,5,119109.29614999998,2,1,1,78057.027,1,0.7232466250045936
485,Germany,Male,44,3,176763.02239999996,1,1,0,56869.9623,1,0.7899017899980182
563,France,Female,49,5,0.0,2,1,1,14259.086100000002,0,0.47483834330128416
733,Germany,Male,46,1,0.0,2,0,1,87786.03420000001,0,0.46792077892842704
750,Spain,Female,49,6,0.0,2,0,0,15604.107300000001,1,0.6560321549995575
609,Spain,Female,53,6,113805.78019999998,2,1,1,91753.93260000001,1,0.6324189903599668
778,Germany,Male,52,6,0.0,2,1,1,86019.92640000001,1,0.5575673377750149
587,Germany,Male,45,5,161164.62422499995,1,1,1,19020.1689,1,0.583542469609692
774,France,Male,59,1,188809.873275,1,1,1,6653.6721,1,0.5962348894490747
669,France,Female,45,7,0.0,1,1,1,39777.666300000004,0,0.3935873082347995
730,France,Female,49,1,130941.61107499998,1,1,0,157906.098,1,0.751595375601472
523,France,Female,36,4,0.0,2,1,0,150245.93610000002,1,0.5003156501478412
850,France,Female,52,8,0.0,1,1,0,15902.438400000001,1,0.6761060314231923
786,France,Female,39,4,0.0,2,1,0,83731.9599,0,0.46950335454323894
642,Germany,Male,28,5,147040.21842499997,2,0,1,8151.6375,0,0.2665196924507769
486,Germany,Female,50,9,94347.26902499997,1,1,0,61715.6901,1,0.889061738349728
730,France,Male,44,5,161944.58182499997,2,1,0,112495.21380000001,1,0.5530919436254805
574,Spain,Male,40,5,159169.4875,1,1,0,111612.61350000002,1,0.5426395018018976
630,France,Male,38,9,0.0,2,0,0,26405.4735,0,0.3592824871535483
687,France,Female,41,2,0.0,2,0,1,117783.22590000002,0,0.33285127453836527
636,Spain,Male,55,3,0.0,2,1,1,129165.67799999999,0,0.4654089735195982
850,Spain,Male,32,2,0.0,2,1,1,7844.461200000002,0,0.10612483199761362
643,Spain,Female,30,0,176306.89214999997,1,1,1,3212.2089,0,0.2643663350600988
787,France,Female,95,10,0.0,2,1,1,94395.7476,1,0.9546346816219928
706,France,Male,28,2,232944.48874999996,2,1,0,105019.91820000001,0,0.3234487114220936
619,Germany,Male,33,5,175528.94474999997,1,1,1,116569.79729999999,0,0.3919857427132819
690,France,Male,46,7,134343.66297499998,2,1,0,100257.8715,1,0.5791147308636247
438,Germany,Male,69,7,168218.21764999998,1,1,0,41768.44380000001,1,0.9586334021479869
707,France,Female,67,1,121740.09249999998,1,1,1,132892.19640000002,1,0.8183028424358473
687,France,Female,45,3,131704.37617499998,1,1,1,1387.611,0,0.46361346609643517
738,Germany,Female,43,3,161522.74399999995,2,0,1,22572.747900000002,1,0.6330649165640182
725,Germany,Female,49,5,154473.0255,1,1,0,100482.90570000002,1,0.8743982029236292
678,Germany,Female,53,2,202862.48054999995,2,1,1,157000.8987,1,0.8216402973192507
799,Germany,Male,41,9,204441.2017,1,0,1,71769.9609,1,0.5024685038376271
701,France,Male,47,8,142563.97912499998,1,1,0,13743.051300000001,1,0.5920436584483825
542,France,Female,49,4,145408.06827499997,2,1,1,33427.6065,1,0.5782052730142943
850,Spain,Male,49,6,272454.75814999995,2,0,1,34647.6204,0,0.46353214569919404
516,France,Female,56,1,138793.35969999997,1,1,0,93789.2925,1,0.8587484152193876
646,France,Male,36,4,184949.204825,1,1,0,133403.97869999998,0,0.4626810280654103
779,Germany,Female,50,2,99809.37917499998,1,1,1,42844.148100000006,1,0.7073340073220383
600,France,Female,42,7,130766.08887499997,1,1,0,107708.3001,1,0.6686640900885481
622,Germany,Female,68,7,154629.67562499997,1,1,0,97536.6441,1,0.9682811035889458
834,Germany,Female,67,8,148492.416,3,1,0,113582.36340000002,1,0.9537201566038767
638,France,Male,46,6,249231.98877499998,1,0,0,38095.434,1,0.6661851472916507
674,France,Female,55,6,95874.22752499998,1,0,1,113433.8418,1,0.6505765822766296
641,Germany,Female,46,1,0.0,2,1,0,82637.32590000001,1,0.7938327087436639
650,Spain,Male,51,3,170349.43962499997,3,0,0,92078.7993,1,0.6955356311842648
811,Germany,Male,52,10,0.0,2,1,1,3076.2099,1,0.5315922749211909
627,Germany,Male,37,0,245016.20262499998,2,1,1,62392.1454,0,0.480973795688154
597,Spain,Male,45,0,168633.28427499998,1,1,1,125838.63540000001,0,0.41632527501232147
692,Germany,Female,53,2,91271.66302499999,2,0,0,133343.35830000002,1,0.8914997843839598
804,Germany,Female,48,3,164250.82344999997,1,1,0,60500.568600000006,1,0.8548200098436476
676,France,Female,44,8,132725.49164999998,1,0,0,37291.006799999996,1,0.6760333424860361
536,Germany,Male,50,9,0.0,2,1,1,9686.8143,1,0.5700035996430679
732,France,Male,35,0,146721.98524999997,1,0,0,139787.0136,0,0.4051793220292902
483,France,Male,39,9,0.0,1,1,1,66123.9045,0,0.2364594158734674
732,Germany,Female,79,9,181782.16117499996,1,0,1,89855.1144,1,0.9646700586720404
798,Germany,Female,59,5,175326.033575,1,1,1,25665.927300000003,1,0.8447198022461696
620,France,Female,80,3,116282.45239999998,2,1,0,27013.710600000006,1,0.9630599404175624
627,France,Male,42,10,0.0,2,1,0,83662.97219999999,0,0.4346745225147378
663,Germany,Male,62,0,180254.96462499996,1,1,0,117120.57299999999,1,0.9234286502534157
512,Germany,Female,40,6,0.0,2,1,0,71950.1211,1,0.7404567114648316
668,France,Male,52,3,198984.765075,1,1,0,87592.7763,1,0.726163492553916
556,Germany,Female,61,8,81140.85015,1,1,0,161036.62649999998,1,0.945330329525724
432,France,Male,52,9,201818.062625,1,1,0,89314.8444,1,0.7757454121407846
411,France,Female,46,10,0.0,1,0,0,97762.4235,1,0.7053196928346489
718,France,Female,39,3,0.0,1,0,1,108914.45490000001,0,0.3029690157473627
480,France,Female,52,1,201231.87772499997,2,1,0,82440.909,1,0.8404024442335848
694,France,Female,41,10,0.0,2,1,0,130402.11869999999,1,0.5412626267643368
629,Spain,Male,44,8,0.0,2,1,1,146281.9662,0,0.2880354009185572
595,Spain,Female,40,5,133153.98164999997,1,1,1,144472.44240000003,0,0.44103094565169393
635,Germany,Female,47,9,194074.32257499997,1,0,1,9240.1398,1,0.7441035138349049
640,Germany,Male,49,3,0.0,1,1,1,85857.7725,1,0.5515608036937553
561,France,Female,37,9,179379.93249999997,1,1,0,123995.124,1,0.6284631703128218
625,Germany,Female,65,8,157076.908975,4,0,0,110041.43220000001,1,0.957076022255689
630,France,Female,50,7,0.0,2,1,1,27907.0677,0,0.47824622286960305
636,Germany,Female,38,2,152438.14764999997,1,0,0,155218.5585,1,0.7874957930398679
595,Germany,Male,45,8,0.0,1,1,0,81012.7899,1,0.6993432525292519
666,France,Male,46,3,0.0,2,1,0,28476.797400000003,0,0.4826128349293079
543,France,Female,41,4,182925.47564999998,1,0,0,50093.4213,1,0.6900859975040342
721,Germany,Female,59,1,158843.57059999998,1,0,1,148571.6256,1,0.8657602569983605
695,Germany,Male,38,5,226239.26827499998,2,1,1,71838.41399999999,0,0.47157574327739304
438,Germany,Male,41,8,103682.26752499999,1,1,0,36398.9781,1,0.7220153161804735
825,France,Male,39,3,196885.878225,2,0,1,57666.18420000001,0,0.25756801582537275
579,France,Female,39,10,96799.7527,2,1,1,104659.3629,0,0.3765172345962313
732,Spain,Female,43,8,147299.454875,1,1,1,36529.8822,0,0.4445466433278191
673,Spain,Female,47,8,0.0,2,1,1,148488.21990000003,0,0.4494767599674666
836,Spain,Male,67,4,133899.23685,1,1,0,30084.712200000005,1,0.8452772771155672
582,Germany,Male,43,2,161866.06499999997,1,1,1,17912.2833,1,0.5491673741131137
654,Spain,Female,46,2,0.0,2,1,1,118788.20910000001,0,0.42930036410053846
661,France,Female,37,3,0.0,2,1,1,62280.729900000006,0,0.26315813895421897
559,France,Male,59,2,194499.78404999996,1,1,0,97638.0723,1,0.8309741997093829
712,Spain,Male,55,6,149435.42462499999,1,0,0,160702.9308,1,0.7592081366352145
714,France,Male,56,1,0.0,1,1,0,123255.9099,1,0.6741400525444786
545,Germany,Male,47,9,126734.02442499998,2,0,1,84998.87280000001,1,0.6171060330921178
644,Germany,Male,57,9,182206.26047499993,2,1,0,123041.25180000001,1,0.8928678372883143
478,France,Female,48,4,227356.09307499995,1,1,0,41974.90470000001,1,0.810972558853421
689,Germany,Male,43,2,213999.8614,2,1,0,137199.339,1,0.7601669895982877
641,Spain,Female,50,4,133691.88207499997,1,1,1,41879.5029,1,0.5854905927218402
731,Spain,Female,49,2,0.0,2,1,0,110757.0753,1,0.6725540408465002
850,Germany,Female,49,6,0.0,2,1,0,84176.35829999999,1,0.7933974879690654
664,Germany,Male,45,1,152119.90124999997,1,0,1,137429.2899,1,0.5885800334040499
737,Spain,Female,55,2,0.0,2,0,1,143933.4927,1,0.5800574252776085
656,France,Male,46,8,129322.09079999999,2,0,1,17397.4716,0,0.3588177973747683
648,Spain,Female,63,6,147063.864725,1,1,1,98449.2549,1,0.7957291005942585
708,Germany,Female,69,2,0.0,1,1,0,145535.21910000002,1,0.9541398017082449
662,Germany,Male,49,5,184914.74047499994,2,1,1,118438.119,1,0.6563754068780906
610,Germany,Female,37,9,211020.65242499995,1,0,1,83738.99070000001,1,0.6184066744796549
592,Germany,Female,50,2,264926.44012499996,1,1,1,91728.2313,1,0.8255076636893566
615,France,Male,42,1,0.0,2,0,0,1732.7925,0,0.42517426860013663
621,Germany,Male,56,6,186576.14432499997,1,0,0,28010.448000000004,1,0.888150506088738
706,Germany,Female,56,7,147178.61804999996,1,1,1,120827.90250000001,1,0.8302573822662498
427,Germany,Female,49,9,0.0,2,1,0,22978.3797,1,0.8515871257801813
688,France,Male,36,0,0.0,2,1,0,85685.72850000001,0,0.3173980273970718
547,Germany,Female,61,1,0.0,2,1,1,46095.8121,1,0.8347507007190195
690,France,Male,45,6,149032.45887499998,1,1,0,143339.4711,1,0.5910916797222194
537,Germany,Male,49,3,178946.62859999994,1,1,0,25700.376600000003,1,0.8330420002593912
800,Spain,Male,48,1,0.0,2,1,0,41758.2783,0,0.4954394384711092
762,Germany,Female,70,10,223397.69187499996,1,1,0,25470.474299999998,1,0.9715506184868284
653,Spain,Female,46,3,0.0,2,0,0,89525.736,1,0.6446659448381356
679,France,Female,49,4,0.0,1,0,0,140080.833,1,0.6973208398968529
817,Germany,Female,56,0,117818.73452499999,1,0,1,71232.89850000001,1,0.7974465146811286
528,Germany,Male,47,6,137239.06512499996,1,1,0,159660.7119,1,0.8151072281099965
781,Spain,Female,39,6,130609.95452499998,1,0,0,90884.13840000001,1,0.5850130532024636
636,Germany,Male,77,7,180798.115375,1,0,1,54070.011000000006,1,0.936986140566388
428,France,Female,72,1,142480.76742499997,1,0,1,47289.233700000004,1,0.8974542349412405
596,Spain,Male,30,3,247696.92334999997,1,1,0,83799.74070000001,0,0.4088596682422559
748,France,Female,44,8,0.0,2,1,0,43403.0643,1,0.5612980935538253
635,France,Male,53,10,161607.13272499997,2,0,1,145107.0774,1,0.5356573052840633
768,France,Male,35,6,0.0,2,1,1,17184.6927,0,0.1350994616604413
611,France,Male,59,3,0.0,2,1,1,115763.20740000001,1,0.5309776233086346
776,Germany,Female,53,4,0.0,2,0,1,131331.375,1,0.7111721993803956
479,France,Female,43,2,275298.913425,1,0,0,41127.5961,1,0.7762176559644695
731,Spain,Male,43,1,0.0,1,1,0,105888.83760000001,0,0.4496059432731143
584,France,Male,36,4,0.0,2,1,0,119556.43740000001,0,0.3493226299677912
682,Germany,Male,56,7,169319.30469999998,1,1,1,50718.43350000001,1,0.7461702493304075
773,Germany,Male,57,2,156160.09907499998,4,1,1,115836.06689999999,1,0.7176368054822734
794,Germany,Male,67,3,154807.16835,1,1,0,75602.9133,1,0.9314827512857683
636,Germany,Female,41,9,106917.10252499998,2,1,1,60459.93899999999,1,0.5938035313597376
619,Germany,Female,51,5,122288.37454999998,1,1,0,30999.080700000002,1,0.8863281416905351
697,France,Female,57,6,169614.14284999997,1,1,1,136123.25400000002,1,0.7162662029352835
581,Spain,Female,56,1,0.0,2,1,0,84460.3524,1,0.7959076083858252
582,France,Female,42,1,153951.62987499996,1,0,1,123760.64520000001,0,0.4849648404123029
508,France,Female,35,2,147320.58842499997,1,0,1,39039.6186,0,0.3599537011901568
832,France,Male,71,2,0.0,1,0,1,103521.7746,1,0.6927990217663249
769,France,Male,39,2,163669.32019999996,2,1,0,68746.8546,0,0.4440906735856769
605,Germany,Female,41,1,156045.20027499998,1,1,1,148715.0037,1,0.6588236432931441
768,Germany,Male,59,1,176401.21284999998,1,1,0,82941.7482,1,0.8930505534236604
549,Germany,Male,51,9,125665.00799999999,3,1,1,106685.5779,1,0.669200722724139
686,France,Male,44,6,193320.57692499997,2,1,1,71958.05910000001,0,0.36108797958256783
599,Spain,Male,35,3,0.0,2,1,1,97839.9162,0,0.1726459002126357
706,Spain,Male,52,9,0.0,2,1,1,23258.6154,0,0.3734064071339768
593,Germany,Female,42,9,177342.66092499997,2,1,0,43684.15050000001,1,0.8240232583239177
503,Germany,Male,47,6,0.0,2,0,0,110570.55659999998,1,0.7485671988971648
656,France,Male,60,7,0.0,2,0,1,58436.186400000006,1,0.5317465981693515
584,Spain,Male,42,5,0.0,2,1,0,8875.024200000002,0,0.4390459249482508
698,France,Male,67,6,180290.44729999997,2,1,1,58764.90870000001,1,0.7365208197313489
614,Germany,Female,40,3,173703.12769999995,2,1,0,44369.078400000006,1,0.7964277960083956
758,France,Male,45,7,0.0,2,1,0,63140.9904,0,0.4484396361493867
493,Germany,Female,46,2,0.0,2,0,1,80813.943,1,0.6579718712046659
702,France,Male,55,9,99173.71954999998,1,1,1,138521.89890000003,1,0.5166598493242905
633,Spain,Male,73,4,151495.8135,1,1,0,59823.586800000005,1,0.9182767343844159
693,France,Male,41,2,0.0,2,1,1,87285.0411,0,0.21655104788933055
548,France,Female,56,1,0.0,1,1,1,84619.9386,1,0.6281787947453015
700,Germany,Male,56,5,126791.85734999998,1,1,0,79601.13810000001,1,0.8641376135891564
660,France,Male,47,2,128712.193475,1,1,0,18866.3823,1,0.5939858862294513
659,Spain,Male,42,3,142293.21047499997,2,1,1,82957.6404,0,0.3164003264220356
386,Spain,Female,63,1,174510.58007499998,1,1,1,50636.866500000004,1,0.8410745459281276
747,Germany,Male,39,7,155693.071425,1,1,1,142072.6554,0,0.45720137941501915
675,Spain,Male,76,5,152953.03657499998,2,1,1,106896.3966,1,0.8470558674161551
649,France,Female,62,8,64952.93437499999,1,1,0,33905.3283,1,0.8648100439664856
675,France,Female,42,2,205864.72747499996,1,1,0,79103.51460000001,1,0.6874830572095351
554,Germany,Male,53,5,132126.86202499998,1,0,0,20236.5459,1,0.8555333585737306
680,Germany,Female,58,8,152240.09005,1,1,0,113042.466,1,0.9336535099563978
617,France,Female,36,2,219466.21677499995,2,0,1,136755.84780000002,0,0.4027554872805518
597,France,Male,54,8,103324.45192499999,2,0,1,88413.96239999999,1,0.5133288032171972
811,Spain,Male,54,3,0.0,2,0,1,63536.1813,0,0.39440314539620447
570,France,Female,68,8,0.0,1,0,1,94368.17520000001,1,0.802999662705247
809,Germany,Male,43,8,195803.71614999993,1,0,0,161354.6001,1,0.7457320366516886
684,Germany,Female,50,6,181614.49462499996,1,1,0,151451.046,1,0.8977064180848618
693,France,Male,41,1,0.0,2,0,1,147639.41280000002,0,0.23011581366072323
726,France,Male,41,9,0.0,2,1,1,85955.013,0,0.21126572160197082
610,Germany,Male,67,6,141425.65047499997,2,0,1,151156.1007,1,0.8745806708987763
573,France,Female,33,2,0.0,1,1,0,99600.98580000001,0,0.4335011224784522
807,Germany,Male,47,10,172071.07012499997,2,0,1,139399.33950000003,1,0.589706334881971
525,Germany,Male,43,4,173278.9226,2,0,0,44609.073300000004,1,0.7632179925025171
710,Germany,Male,44,9,177559.32609999995,2,1,0,119130.48270000001,1,0.7498474179705579
760,France,Male,53,8,161228.07777499995,1,1,0,156582.98729999998,1,0.7139195737032683
741,Germany,Male,62,1,226460.00674999994,2,0,0,17685.864,1,0.9183661097255165
652,Spain,Female,46,1,0.0,2,1,1,15635.2518,0,0.4077613953005746
712,Germany,Male,53,1,187464.03114999997,2,0,1,73633.2606,1,0.7053264855033362
683,Spain,Male,44,9,151571.12987499996,2,0,1,20524.8249,0,0.34261221827672805
669,France,Male,47,4,0.0,1,1,0,107357.6673,1,0.5287498702701223
588,Germany,Female,58,1,189487.24454999994,2,1,0,25580.448,1,0.9377160391578209
682,France,Male,48,4,141761.92255,1,1,1,12692.0277,0,0.39678579164901034
646,Germany,Male,60,6,192153.04747499997,2,1,1,22529.939400000003,1,0.8010053006519176
762,Spain,Female,45,3,157839.96502499998,3,1,1,38162.4858,0,0.4555330193422637
779,France,Female,51,10,131967.24949999998,1,1,0,70411.2993,1,0.7561391198846665
495,France,Female,50,1,185411.47147499997,2,1,0,122083.51590000003,1,0.8167638913615709
686,France,Female,44,3,163952.32197499994,2,1,0,119713.65030000002,1,0.6903086871529198
769,Germany,Male,58,2,127677.0066,2,0,1,160287.43320000003,1,0.7489358754051566
650,Spain,Male,30,8,0.0,2,1,1,91910.4165,0,0.1209656920770751
684,Germany,Male,52,1,155646.34749999997,1,1,1,18739.876500000002,1,0.6726701474697198
801,France,Female,42,4,99413.03914999997,1,1,1,30697.785000000003,0,0.3678327769913675
577,Germany,Female,69,7,147322.492825,1,0,1,154766.70810000002,1,0.9380960772140509
760,France,Female,61,2,133502.023975,1,0,0,145487.988,1,0.8767825647184201
649,France,Female,51,2,166350.96667499997,1,1,1,57124.3752,1,0.6141863975469988
545,France,Female,65,5,0.0,1,0,0,8128.163700000002,1,0.8824905640751166
528,France,Female,36,10,134992.428575,2,0,0,135107.9433,1,0.5900030748649903
540,Spain,Male,38,8,0.0,2,0,0,160046.53920000003,0,0.41926655544808744
591,Spain,Male,46,7,178824.21799999996,1,1,1,98838.54089999999,0,0.4374682410739149
604,France,Female,81,2,0.0,2,1,1,40100.5242,1,0.8985177732035792
576,France,Female,65,6,58959.787574999995,3,0,1,54707.27850000001,1,0.7697632277247101
466,Germany,Female,57,5,135008.36469999998,1,1,1,148664.3544,1,0.8707489790552179
529,France,Female,37,1,0.0,2,1,1,30593.683800000003,0,0.2854882177023069
663,Germany,Female,47,8,205389.15647499994,1,1,0,96160.4703,1,0.8800975502666972
701,Spain,Female,49,9,0.0,2,1,1,89135.54280000001,0,0.4651278552929479
730,France,Female,51,4,221578.68569999997,1,1,0,103879.9161,1,0.8087146965824986
567,Germany,Female,59,5,178479.33644999997,1,1,0,76102.6104,1,0.9463931890409993
748,Germany,Male,54,2,122875.48519999998,1,0,1,69251.1444,1,0.6860717367562033
611,France,Female,56,5,0.0,1,1,0,62918.483400000005,1,0.7889693771942081
850,France,Female,42,5,140569.37139999997,1,1,0,98806.0113,1,0.6108320950615882
477,France,Male,32,5,109184.83294999997,2,0,0,132121.449,0,0.3836601791089725
579,France,Female,48,4,232415.30359999996,1,1,1,156435.7455,1,0.6418472455655044
642,France,Female,43,4,111893.20714999999,2,0,1,48648.1707,0,0.43258921820208013
622,France,Male,53,8,0.0,2,1,0,81500.71770000001,1,0.6298567552984662
785,Germany,Male,46,2,0.0,1,0,1,50066.991,0,0.4576172075442537
627,Germany,Male,39,5,184543.73954999997,2,1,0,65291.93730000001,1,0.6888566594828294
599,Spain,Male,45,6,181318.25462499997,1,0,0,62265.356100000005,1,0.6331906542137301
620,Spain,Male,39,9,0.0,2,1,0,10638.4428,0,0.3786575053348686
850,Germany,Male,78,5,224091.54149999996,1,1,1,150931.40670000002,1,0.9376975418340394
833,France,Male,57,2,0.0,2,1,1,147620.6937,0,0.4426117035387307
634,Germany,Male,47,3,147369.838325,2,1,1,135296.3169,1,0.6103596778394078
560,Germany,Female,45,1,0.0,2,1,0,2998.3203000000003,1,0.7847242335741835
608,Germany,Female,72,8,191731.42124999996,1,0,0,142427.1843,1,0.9798516970894613
660,Germany,Male,38,2,226002.09112499995,2,1,0,33824.709,1,0.6825471323875222
670,France,Female,52,6,148561.225675,1,1,1,53222.5566,1,0.6148577664065956
510,France,Male,42,9,136647.02154999998,1,1,1,37363.437,0,0.34183087257704914
600,Germany,Male,40,2,158375.9875,1,1,1,17700.8571,0,0.48817388729626815
521,Germany,Male,32,5,0.0,2,1,1,80861.0445,0,0.28099498502156967
643,Germany,Male,38,9,212734.87692499996,2,1,0,21990.9087,1,0.677863481147679
605,France,Male,49,6,147022.20597499996,1,0,0,7809.534000000001,1,0.6571297492492247
507,Germany,Male,43,7,0.0,2,1,1,69182.9181,0,0.4648322985899413
681,France,Male,35,5,0.0,1,0,1,73597.38570000001,0,0.16215047232665564
573,Germany,Male,40,8,168495.09624999997,1,1,0,156289.986,1,0.7331803399079817
535,Spain,Male,47,3,232144.74654999995,2,1,1,7485.631200000001,0,0.47255395213345136
666,Germany,Female,48,6,168014.48652499996,1,1,1,6680.070000000001,1,0.7326008572747056
551,France,Male,52,1,66382.34527499999,1,1,1,18953.659800000005,0,0.45437573387577423
533,France,Male,57,9,110226.73812499999,1,1,1,111533.96250000001,1,0.5979198510322501
742,Germany,Female,54,8,142732.16144999999,1,0,1,14073.968700000001,1,0.7903871761992695
742,Germany,Female,46,2,171592.44414999994,2,0,0,38290.0041,1,0.8421258324223337
679,Spain,Female,38,9,0.0,2,0,1,50027.0337,0,0.28570644616627816
723,France,Male,38,4,0.0,2,1,1,100347.5628,0,0.1792755593463334
578,Spain,Male,46,1,207986.86387499998,2,1,0,114641.8839,1,0.6635311332712733
571,Germany,Female,48,6,141763.82695,2,0,0,31559.9814,1,0.8722252367630141
545,France,Male,47,3,120590.85322499997,1,1,0,85436.0865,1,0.6320990350945431
410,Germany,Male,43,6,166356.865025,1,0,0,53730.1836,1,0.791054787765393
554,Germany,Female,36,7,122472.57234999999,2,1,0,156094.8489,1,0.7516511429210938
716,France,Female,39,10,116309.10077499998,1,1,1,147850.7094,0,0.37372073685456525
676,France,Male,48,8,0.0,2,1,1,108291.23280000001,0,0.3228300354226748
747,France,Female,44,10,0.0,2,1,1,41115.43800000001,0,0.3473217001322634
511,France,Male,37,8,0.0,2,1,1,39762.3816,0,0.19523960232620355
593,Germany,Female,49,8,200215.49679999996,1,1,0,22092.426,1,0.8941955400757746
627,Germany,Male,72,3,189681.33464999998,2,1,1,115914.483,1,0.9129488152476667
684,Germany,Female,35,1,0.0,2,0,1,117432.5607,0,0.42278544910183213
632,France,Male,37,4,255408.93662499994,1,1,1,123659.33850000001,0,0.3173868527829495
745,France,Female,43,1,0.0,2,1,1,141289.11810000002,0,0.3498097402247035
555,Germany,Male,51,10,149799.83949999997,2,1,1,150163.5834,1,0.6996952748142194
538,Germany,Female,52,1,130330.54994999997,2,0,1,76178.6775,1,0.7977125131891849
748,Germany,Female,41,1,131665.37564999997,1,1,0,161396.80920000002,1,0.7909250029348704
521,Germany,Female,49,3,193625.47929999998,1,0,0,59124.8727,1,0.9045888596606577
681,France,Male,44,7,0.0,2,0,0,105856.1379,0,0.4667917255352101
635,Spain,Male,51,1,0.0,2,1,0,142245.315,1,0.6135100599040249
850,Spain,Male,47,4,181453.30832499996,1,1,1,23381.1279,0,0.3733748837670328
539,Germany,Male,49,1,0.0,1,1,1,22829.607,1,0.5643141773839954
675,Germany,Female,39,8,160454.19045,1,1,0,108100.5912,1,0.7854866785749355
713,France,Female,42,1,154856.84144999998,1,0,0,121142.65229999999,1,0.663174433787009
663,France,Male,38,4,0.0,2,1,1,100415.40840000001,0,0.18892946702892813
735,France,Female,48,1,0.0,3,0,0,74698.2972,1,0.6342892857339284
656,France,Male,47,7,148505.29714999997,1,1,0,124057.9557,1,0.6298289135918914
658,France,Female,53,7,185494.32609999995,2,1,0,2226.4632,1,0.8078723845329646
666,France,Female,46,8,0.0,1,0,1,128520.2619,0,0.43718488993754967
577,Germany,Male,39,2,0.0,1,1,1,136828.7721,0,0.40078063933529634
699,France,Male,63,4,0.0,2,0,1,90159.4638,1,0.5799897799434796
621,Germany,Male,61,4,145447.00267499997,1,0,0,143969.86980000001,1,0.918713876453201
554,France,Male,34,10,0.0,1,0,0,74666.3022,0,0.33268008230436114
670,France,Female,48,4,158203.45414999998,2,1,1,89482.4172,1,0.5469798381532119
659,Germany,Female,60,3,0.0,1,1,0,148553.28720000002,1,0.9200260646715522
720,Spain,Male,44,3,0.0,2,1,1,62408.70180000001,0,0.2536789322195095
686,France,Male,47,9,177956.41994999998,1,1,0,22353.0759,1,0.6197836640874751
750,France,Female,36,1,200372.199825,2,1,1,16136.593200000003,0,0.3277978868103143
681,Spain,Male,43,10,0.0,1,0,0,128252.45159999999,0,0.47591031939751705
593,Germany,Male,51,6,0.0,2,1,1,80300.5569,1,0.5871737914875309
596,Spain,Male,40,6,160479.92629999996,4,1,0,33956.61750000001,0,0.4861779975840804
850,Germany,Female,50,0,0.0,2,1,0,890.9595,1,0.7925913509701338
685,Germany,Female,31,6,129547.47124999997,1,1,1,133622.6787,0,0.4436657539829834
650,Spain,Female,40,6,0.0,1,0,0,55077.67530000001,1,0.5461644899653952
803,France,Female,50,6,218909.07397499995,1,1,0,9985.7448,1,0.769261945835095
774,Germany,Female,42,4,0.0,2,0,0,93068.29530000001,1,0.7221724445574049
777,France,Female,40,4,0.0,2,0,1,93645.6957,0,0.2924965388683812
668,Germany,Male,57,7,141314.69272499997,1,0,1,127946.80619999999,1,0.7660660025611409
530,France,Female,65,4,159896.90217499997,1,0,1,100015.46280000001,1,0.8387832557043717
558,France,Male,41,7,0.0,1,1,0,160597.9548,0,0.46264852000875084
646,France,Female,55,3,62335.70687499999,1,1,1,46361.5164,1,0.6171502744056893
664,France,Male,68,5,130488.66804999996,1,1,1,49318.9398,1,0.7397102252320514
480,Germany,Female,35,3,230551.887875,2,0,0,147134.17530000003,1,0.8039157142252716
588,Germany,Female,40,0,145671.37802499998,1,1,0,4690.629,1,0.7906352498107653
828,Germany,Male,47,4,0.0,2,1,0,76824.81450000001,1,0.6650598890753256
559,Germany,Female,53,1,0.0,1,0,1,70173.78300000001,1,0.754776110513702
350,France,Female,50,0,146928.22912499998,1,1,1,139580.1801,1,0.6754541329617512
530,France,Male,47,8,0.0,2,1,1,233.27190000000004,0,0.32065295808837896
753,Germany,Female,48,6,188143.412625,1,0,1,27321.648300000004,1,0.7332811278393123
502,Germany,Female,45,6,0.0,2,1,1,65300.96070000001,1,0.6307977213599271
745,France,Female,56,7,0.0,2,1,1,54893.6514,1,0.561086959159356
616,Germany,Female,53,3,159846.84554999997,1,1,0,15197.1552,1,0.9074914468629467
718,France,Female,35,7,0.0,2,1,0,24607.8972,0,0.4044689490909068
775,Spain,Male,40,4,0.0,2,0,1,46543.5153,0,0.19577882318732506
675,France,Female,31,8,130098.63634999997,1,1,0,14744.43,0,0.4371883530891417
698,France,Male,39,5,125859.08487499999,1,1,1,123705.8163,0,0.26345190706349625
735,France,Male,51,7,237923.03999999995,1,1,1,111116.56950000001,1,0.5195504227067292
701,France,Male,49,9,185463.40605,1,0,1,118788.1119,0,0.46723739234867134
463,Spain,Female,45,2,0.0,2,1,1,1580.2533,0,0.4367178275681188
426,France,Female,44,3,0.0,2,1,1,49596.9723,0,0.42925432505385197
762,Germany,Male,66,10,132595.0138,3,1,1,62485.3602,1,0.823069591550392
757,Germany,Male,41,10,52290.84327499999,2,0,0,155940.70590000003,1,0.6376456022233664
618,Germany,Female,45,10,0.0,2,1,0,146156.1975,1,0.796189017943819
568,Germany,Male,56,8,199481.8267,1,0,0,52258.608,1,0.8988782619558949
651,Germany,Male,47,9,151364.85955,1,0,1,142414.9371,1,0.6281385136651534
849,France,Male,79,7,95214.82902499998,1,1,1,112643.41140000001,1,0.8325576452446017
593,France,Male,42,6,131142.12852499998,1,1,0,103991.1291,1,0.5437447511970777
769,Germany,Male,53,4,145716.40914999996,2,1,1,70905.2292,1,0.6630273735236
630,France,Male,36,7,171710.3847,2,0,1,159570.9315,0,0.2612120148121056
547,Germany,Male,51,3,199950.50747499996,1,1,0,141989.6709,1,0.8695125604701989
728,Germany,Female,56,2,145085.5502,1,1,0,16424.2647,1,0.9122652952693218
589,Germany,Male,38,7,0.0,2,1,0,122833.2276,1,0.5831488205844684
701,France,Male,53,2,0.0,2,1,1,133896.06990000003,0,0.40386546054735234
570,Germany,Male,48,1,168224.08954999998,1,1,0,119206.30679999999,1,0.8252343059316779
850,Germany,Male,48,3,72606.58572499998,1,1,1,113461.1955,1,0.5306651193842089
850,France,Female,47,9,0.0,1,0,0,81081.8586,1,0.6129268086457285
663,Spain,Female,32,9,0.0,1,1,0,23600.0709,0,0.3877905105082901
691,Spain,Male,31,3,136218.74314999997,1,1,1,84765.34980000001,0,0.17295620331241632
626,Germany,Female,57,2,136361.38799999998,1,0,1,134845.10640000002,1,0.852199454873059
682,France,Male,38,10,265458.75959999993,1,0,1,67126.83840000001,0,0.3230407120720308
737,Spain,Female,49,7,171993.32034999997,2,0,0,44838.6759,1,0.7563018713690584
649,Germany,Male,80,9,154540.35397499998,2,0,1,86771.8899,1,0.9435811091149433
790,Spain,Male,42,3,0.0,1,1,0,73746.02070000001,0,0.409983518036777
702,Spain,Female,48,9,0.0,2,1,1,128407.23450000002,0,0.45547352720514045
680,Spain,Female,68,8,0.0,2,1,1,53223.885,1,0.7719561753566326
848,Spain,Male,50,3,146704.87209999998,1,1,1,25010.2404,0,0.4039401827786215
592,Germany,Male,46,2,138469.25462499997,2,1,0,87438.4632,1,0.7745112458832134
658,Spain,Male,60,2,0.0,2,1,0,42231.5613,1,0.730921456642554
666,France,Female,42,10,148829.61382499998,2,1,1,27823.937400000003,0,0.4223260762643465
747,France,Male,59,6,268341.3864,1,1,1,14011.963200000002,1,0.6536886889906875
513,Spain,Female,51,9,141686.0904,2,1,1,130042.7298,1,0.6477715803884007
741,Germany,Female,70,5,0.0,1,1,1,31520.7531,1,0.8906009659229285
628,Germany,Female,38,3,203054.17692499998,2,1,0,89728.5681,1,0.7893222013423001
631,Spain,Male,37,10,177439.32244999998,1,1,1,143151.3162,0,0.28794866244961886
742,France,Female,45,2,104644.35982499999,1,1,1,102867.99930000001,0,0.45333681097574585
420,Germany,Female,41,1,143329.57437499997,2,1,1,8022.7503,1,0.6579108160019197
673,Germany,Female,35,3,143153.77445,2,1,1,83894.90760000002,1,0.5045305519955604
691,France,Female,41,5,54110.814875,1,1,0,102233.21040000001,1,0.5811253084037182
739,Germany,Male,64,8,167187.99014999997,1,1,0,108880.80750000001,1,0.9253414589657013
676,Germany,Female,53,2,0.0,1,1,1,44646.819299999996,1,0.7213482325654513
551,Spain,Male,37,2,150597.33344999998,1,1,1,68955.1137,0,0.2768946589103868
584,Germany,Female,47,10,177442.20549999995,4,1,1,57450.95910000001,1,0.7223388086288611
675,Spain,Male,46,3,71544.84304999998,2,0,1,44127.6012,0,0.33388969855492134
633,France,Male,45,3,0.0,2,1,1,29362.305600000003,0,0.27223747619024935
759,France,Female,48,1,137660.731025,1,0,0,74165.14710000002,1,0.7260791034397136
807,Germany,Female,70,1,96474.49704999999,2,1,1,14057.841600000002,1,0.9013515207917594
850,Germany,Female,41,1,143917.62399999995,1,1,1,107060.38110000001,1,0.5812712471592945
721,Germany,Female,46,2,0.0,2,1,1,86652.01800000001,1,0.5960402015925159
696,Germany,Male,38,4,228325.41945,1,1,1,94341.85829999999,0,0.48895402231493196
744,France,Female,53,10,195508.01837499996,1,0,1,19629.629100000002,1,0.6416321923236924
705,Germany,Female,50,3,122846.90597499999,1,1,1,88692.31890000001,1,0.743113075068422
758,Spain,Female,50,5,123653.51195,2,0,0,99807.23610000001,1,0.7508214682348411
760,Germany,Female,44,6,76709.509725,1,1,0,73180.341,1,0.7888022643689911
644,Germany,Female,41,5,113743.33174999998,1,1,1,59877.5895,1,0.606319231476685
601,France,Female,56,3,129873.15009999997,1,0,0,111588.7833,1,0.8499315257979521
648,France,Female,44,3,0.0,1,1,0,44328.4083,1,0.5979790062550281
664,Germany,Male,67,6,0.0,2,1,1,12396.3048,1,0.7973230348404682
552,France,Female,44,5,0.0,2,1,1,1094.6421,0,0.386841212737982
607,France,Male,35,3,0.0,2,0,0,151509.4632,0,0.3395695796893203
632,France,Female,54,3,176942.41952499998,1,1,1,28031.7834,1,0.6686552764227262
850,France,Male,41,3,0.0,2,1,0,98712.16470000001,0,0.3622847016297381
693,Germany,Male,35,6,193852.96252499998,1,0,1,11853.013500000001,0,0.40352918765524504
623,France,Male,50,5,157097.883825,1,1,0,156222.594,1,0.6967416959313617
646,France,Male,40,7,0.0,2,1,0,124389.24570000001,0,0.40278724567731045
507,France,Female,39,4,118164.67407499999,2,0,0,146307.6108,1,0.6374447341985575
722,France,Male,50,6,0.0,2,1,1,90633.4029,0,0.34011021553760473
485,France,Female,35,3,177832.95134999996,1,1,1,91745.5329,0,0.3890424475546299
668,France,Male,38,4,141694.32957499998,1,1,0,156345.1551,0,0.46969293881868507
627,Spain,Male,51,5,133414.80509999997,1,0,1,109078.85250000001,0,0.4965148916863936
586,Germany,Female,45,7,0.0,2,1,0,57316.15890000001,1,0.7887273036186194
644,France,Male,47,6,155091.95549999998,2,1,0,84416.5476,1,0.6176933552684479
490,France,Male,44,5,162605.21024999997,2,0,0,125032.3857,1,0.6245790399921752
636,France,Male,46,5,155471.84362499998,2,1,1,90374.373,0,0.3879290553306627
666,Germany,Female,47,2,209574.93509999997,1,0,1,75545.4681,1,0.7553308475315149
526,Spain,Male,59,2,0.0,1,1,0,92777.1327,1,0.7611528991937098
655,Germany,Male,54,8,115681.23067499998,1,0,1,152761.12380000003,1,0.7190630688070992
665,France,Male,38,8,181579.55417499997,1,1,0,73041.61230000001,0,0.47893260377750707
771,France,Female,76,7,190139.88507499997,1,1,1,105970.5828,1,0.9040632693812433
665,France,Female,44,1,127813.72664999997,2,0,0,138845.0646,1,0.6838961358342952
746,France,Male,58,5,218586.00045,1,1,0,124567.03259999999,1,0.8035378524387251
747,Germany,Male,47,9,179564.23609999998,3,1,0,69231.06450000001,1,0.7666726210991073
627,Spain,Female,35,4,0.0,1,1,1,157394.2833,0,0.27553801447019416
704,Germany,Male,37,5,194413.23964999997,1,1,0,52148.8773,1,0.6522277495548422
753,Germany,Female,46,7,169966.35104999997,1,1,1,36099.94230000001,1,0.6904252948504989
559,France,Female,39,3,105423.56359999998,1,1,0,66624.3468,1,0.6047748955116771
634,France,Female,55,2,0.0,1,1,1,116201.2311,1,0.5959412024048059
850,Germany,Female,44,3,171486.49867499998,2,1,1,71882.63190000001,1,0.6318341732659167
736,Germany,Male,67,9,126028.15327499998,1,1,0,23031.8964,1,0.9279432252965726
719,Spain,Female,58,5,0.0,2,0,0,63636.56460000001,1,0.7971078322803378
465,France,Male,51,9,155024.97087499997,1,1,0,136307.5695,1,0.7413739434303894
659,Germany,Male,77,6,155276.841,1,1,1,36507.5829,1,0.9286446697700967
755,Germany,Female,88,5,160296.20459999997,1,1,1,61573.3569,1,0.978565361625124
564,Germany,Male,51,9,136908.83687499998,2,1,1,27813.9501,1,0.6671519648363466
761,France,Female,43,6,182576.137275,2,1,0,120511.32210000002,1,0.6682943801756552
587,Spain,Male,51,8,112556.93022499999,1,1,0,1261.8342,1,0.675752589944621
713,Spain,Female,57,1,0.0,1,1,0,87338.31480000001,1,0.792579516674608
592,Spain,Male,51,0,0.0,2,1,0,53383.91670000001,1,0.6058536879708514
562,Germany,Male,41,2,149056.59449999998,1,0,1,150959.943,1,0.5457964870674412
598,Spain,Female,48,6,0.0,2,0,0,140764.53780000002,1,0.6996127049713085
524,France,Male,62,2,116240.15884999998,1,1,0,140858.5302,1,0.8429752360656986
438,Germany,Male,70,7,103672.32232499999,1,0,1,40033.926,1,0.8997497554109273
827,France,Female,70,2,0.0,2,0,1,49098.82230000001,1,0.7656573708253541
707,France,Male,40,8,0.0,2,1,0,26859.089700000004,0,0.3673795796724341
754,France,Male,49,3,99050.39642499998,1,0,0,27888.429600000003,1,0.5943041100665412
578,Spain,Male,33,8,0.0,2,1,0,90821.2338,0,0.30718527136367635
652,France,Male,61,7,0.0,2,0,1,35232.051600000006,1,0.5456826708139266
613,France,Male,51,7,0.0,2,1,0,48841.15320000001,1,0.5909680220719982
648,Spain,Male,65,1,107611.91757499998,1,0,1,147042.5724,1,0.7181423312239799
634,Germany,Female,56,5,163517.02109999995,1,1,1,40277.37960000001,1,0.8368916996283315
703,Spain,Female,55,1,0.0,1,1,0,148055.1291,1,0.7790465931183697
699,Germany,Female,53,3,106810.42967499998,1,1,0,161496.64979999998,1,0.8988352482216515
573,Spain,Male,56,3,86318.55667499999,1,0,1,153890.8065,1,0.5791632135537799
738,Germany,Male,68,2,176878.34439999997,4,1,0,22982.826600000004,1,0.9317094938831043
741,France,Male,49,5,0.0,1,0,1,32567.7186,0,0.3243560558011042
687,Germany,Male,45,1,165499.2899,2,1,1,120315.02670000002,1,0.5696951801491831
624,Spain,Male,56,3,0.0,2,1,1,50888.274300000005,0,0.46954838058222753
530,France,Female,44,8,0.0,2,0,1,114916.7412,0,0.4232771972234361
791,France,Male,46,6,147020.962825,1,1,1,153875.6271,0,0.36785852477811953
674,France,Female,36,10,0.0,2,1,1,112122.71100000001,0,0.2559624389359562
589,France,Female,60,4,0.0,2,0,1,147482.3457,1,0.6911665140245293
708,Germany,Female,74,5,0.0,3,0,1,91141.25670000001,1,0.9172759605674161
761,France,Male,46,9,168801.14919999996,1,1,1,65660.9733,0,0.3711036700513081
707,France,Female,45,9,0.0,2,1,1,57026.9565,0,0.37687568394273774
603,France,Female,58,5,0.0,1,1,0,81387.66600000001,1,0.815696788264399
662,France,Female,51,4,0.0,2,1,0,102506.6988,1,0.70917413021865
748,France,Female,51,2,121169.68502499998,1,1,1,57622.841100000005,1,0.5602213556397518
668,France,Male,56,0,0.0,2,0,0,23804.2962,1,0.6612146668835004
617,France,Male,50,5,251286.00319999998,2,1,1,86708.8152,1,0.5245090792107101
621,Germany,Female,65,7,173292.14759999997,1,0,1,61305.327900000004,1,0.9144321866031814
638,Germany,Female,63,1,163879.79607499996,1,1,0,13492.720800000001,1,0.9520166502420614
601,Germany,Female,58,8,159735.12074999997,1,1,0,51791.9508,1,0.9367212679538891
416,Germany,Male,42,0,0.0,2,0,1,711.8847000000001,0,0.4615848835841252
581,Germany,Male,41,6,154589.2997,1,1,0,86781.213,1,0.7263384922761148
704,France,Male,34,2,195990.73087499995,2,1,0,148047.8148,0,0.4104555402476883
670,Germany,Male,43,2,186743.14962499996,2,1,0,61768.54260000001,1,0.7383419787921957
778,Germany,Female,55,1,214443.93044999999,2,1,0,141370.32869999998,1,0.9211478442555968
526,Germany,Female,42,6,174489.2217,2,1,1,1454.7033000000001,1,0.6662746369059341
595,Germany,Male,51,9,0.0,2,1,0,4833.342900000001,1,0.762113076437322
767,Germany,Female,45,6,152849.84189999997,1,0,1,22617.184500000003,1,0.6647364237015564
778,Germany,Female,43,4,146881.78292499998,2,1,0,67680.88650000001,1,0.7951187358748386
488,Germany,Female,43,4,185153.10787499996,1,1,0,100127.1861,1,0.8630132641540023
416,Germany,Female,35,0,129259.78782499999,2,1,1,130023.89730000001,1,0.5732639146168991
717,France,Male,46,2,195811.849525,1,1,0,145094.2389,1,0.6298936608129672
651,France,Male,54,2,0.0,3,1,0,83049.58350000001,1,0.6279045838977069
714,Spain,Male,39,9,0.0,2,1,0,104645.9655,0,0.37427980343248735
490,France,Male,43,1,0.0,2,1,1,65442.19230000001,0,0.28003482114938993
739,France,Male,47,7,138810.20834999997,1,0,1,65515.89420000001,0,0.3810609508348158
622,Spain,Male,37,9,184931.69492499996,1,1,1,123714.45090000003,0,0.29029683255763034
549,Germany,Female,47,1,172748.04464999997,2,1,1,104084.9514,1,0.7518110394718808
580,Spain,Male,39,9,81612.05689999998,2,1,0,103743.01800000001,0,0.4602632824325045
447,France,Female,54,5,117952.22767499997,1,1,1,61080.67440000001,1,0.6850702671501664
756,France,Female,36,5,134420.40764999998,2,0,1,125113.1508,0,0.3161203101875631
443,France,Male,54,2,0.0,1,1,0,128924.217,1,0.7065398673945128
521,France,Male,35,7,0.0,2,1,1,127881.72270000001,0,0.1831755691189479
702,France,Female,39,10,116880.69849999998,1,1,0,71725.7268,1,0.5772735880333806
601,France,Female,47,5,0.0,1,0,0,16773.966,1,0.6608760571789495
721,France,Male,56,1,153098.31319999998,2,0,0,83390.1399,1,0.7431303360284759
689,Spain,Female,67,4,0.0,2,1,0,110686.33799999999,1,0.8872268292172626
526,France,Female,47,5,70850.53054999998,1,1,0,50893.0857,1,0.7180745015638387
621,France,Male,49,6,0.0,2,1,1,47695.96710000001,0,0.3398041573697756
686,France,Male,35,1,0.0,2,0,1,13332.089699999999,0,0.14811305698300806
649,Spain,Female,48,8,0.0,1,1,0,84046.0293,1,0.6819862418336257
656,Germany,Female,33,4,216294.38567499997,1,0,1,17078.947200000002,1,0.5243266195096676
809,Germany,Male,48,3,0.0,2,1,1,64849.661100000005,0,0.47236606537741666
443,France,Male,45,6,213069.892625,1,0,0,11296.794600000001,1,0.6704851354733671
563,Spain,Female,56,8,140412.04679999998,1,1,0,132147.855,1,0.8626980377660683
817,France,Male,44,5,170970.72367499996,1,0,0,134105.9004,1,0.5584897529649989
664,France,Male,46,1,0.0,2,1,1,77251.83840000001,0,0.2882016833233445
662,France,Female,32,2,167114.498825,2,1,1,78880.068,0,0.28028265491213744
766,Germany,Male,40,4,168997.35529999997,2,1,1,23392.233,0,0.4409307758252438
690,France,Female,52,5,0.0,2,0,1,97614.78480000001,1,0.5195981485147501
683,France,Female,39,0,208729.01119999995,1,0,0,105212.2446,1,0.6499438109234567
701,Germany,Male,48,3,165822.31052499998,2,0,1,42156.174600000006,1,0.6087783185624599
731,France,Male,47,8,0.0,2,1,1,137974.06350000002,0,0.30031019300774286
498,France,Female,40,1,0.0,2,0,0,109994.3793,1,0.575718330015812
664,Germany,Female,46,2,168170.13155,2,1,0,63294.00750000001,1,0.851221514623261
833,Spain,Male,42,6,0.0,1,1,1,35901.8082,0,0.21103861336743132
565,France,Male,44,7,0.0,1,0,0,60421.01040000001,0,0.4994751565153494
654,Spain,Female,46,5,0.0,2,0,0,127362.8205,1,0.6522710446545772
528,France,Male,40,2,169627.4472,2,1,0,41124.6396,1,0.5241839624801947
720,Spain,Male,74,3,60508.05154999999,2,1,0,64494.85680000001,1,0.8927091773074862
549,Germany,Female,53,3,178518.53534999996,1,1,0,4942.1421,1,0.9164187013638531
832,France,Female,39,5,0.0,2,1,0,144811.4112,0,0.470684074117895
665,Germany,Male,42,1,174806.291075,1,0,0,9611.2656,1,0.7243583058337633
671,Spain,Male,60,8,0.0,1,0,1,2073.6891,1,0.5373349801128148
774,France,Female,38,1,94246.66644999999,2,0,1,55695.25170000001,0,0.3069084848260974
695,Spain,Male,56,3,162071.89889999997,1,1,1,45601.2585,1,0.565808409600304
587,Spain,Male,55,6,0.0,1,0,0,128534.6961,1,0.7039044982476431
607,France,Female,43,8,120746.52469999998,1,0,1,105967.90170000002,0,0.47213075138495986
655,Germany,Male,77,6,196210.57004999998,1,1,1,151466.08770000003,1,0.941414037231102
661,France,Female,40,7,0.0,2,1,0,58479.22170000001,1,0.5159545803733686
750,Spain,Female,44,9,149207.43884999998,1,0,0,121825.23930000002,1,0.6930013054650327
701,Germany,Female,58,1,121766.11929999996,1,1,1,108533.8116,1,0.8396763900477612
662,France,Male,44,2,0.0,2,0,1,17412.7887,0,0.25517560145944196
634,Germany,Male,47,1,118624.07089999999,2,1,1,156475.70280000003,1,0.5965682510244688
625,Germany,Male,49,5,0.0,1,1,0,80838.7047,1,0.7498634889134459
515,Germany,Female,35,7,105196.39777499998,1,0,1,31405.984200000003,1,0.5295842044646806
791,France,Male,38,4,0.0,1,1,0,141292.7388,0,0.3465623109124754
669,France,Female,48,8,0.0,2,1,0,68079.8196,1,0.6548997646472907
566,France,Male,52,3,142844.25654999996,1,1,1,127563.74100000002,1,0.5239007468378755
687,Germany,Male,58,4,0.0,2,1,1,138424.0185,1,0.6910766876414052
706,Germany,Male,39,2,0.0,2,1,1,14786.963099999999,0,0.33334742577151355
828,Germany,Male,40,4,96635.31304999997,2,0,0,130953.6315,1,0.6239130265744232
608,Spain,Male,55,4,0.0,2,0,0,29724.958800000004,1,0.6702918772313642
638,France,Female,58,10,182945.43217499997,1,1,1,38620.1034,1,0.7337434452567448
544,France,Male,48,8,0.0,1,1,1,79548.9822,0,0.359350132457059
724,Spain,Female,51,4,188959.17029999997,3,0,0,150288.37200000003,1,0.7986630297128599
619,Spain,Female,66,7,0.0,2,1,1,34378.1901,1,0.7546300553617961
437,France,Female,49,0,135849.170525,1,0,0,17975.3742,1,0.7920123366192183
650,Germany,Female,56,9,197057.47259999998,2,1,0,143291.2923,1,0.9327284460338308
515,France,Female,38,9,0.0,2,0,0,76254.8175,1,0.5297914921543118
473,Germany,Male,50,8,201782.09062499998,2,1,0,59189.680799999995,1,0.857370235024583
674,France,Female,31,9,158898.89077499998,2,1,1,27510.8643,0,0.2518031560831759
655,Spain,Female,88,2,0.0,2,0,1,152632.65780000002,1,0.9424328577349577
616,Spain,Female,46,6,174982.23647499995,1,0,0,12524.9004,1,0.74481936875765
850,Germany,Male,54,2,149118.93714999998,2,0,0,128118.80159999999,1,0.8352815932930554
505,Germany,Male,50,6,63307.665024999995,2,1,1,125600.19570000001,1,0.6406947836826625
538,Spain,Female,41,0,0.0,2,0,0,145357.4646,1,0.5999149382262856
744,France,Male,52,1,148675.34419999996,1,1,1,67248.5652,0,0.46661493540163296
733,Germany,Male,48,9,147256.89682499997,2,0,1,157847.10570000001,1,0.6141777757580389
714,Germany,Female,65,9,238149.47844999997,1,1,1,81103.44510000001,1,0.9191080465583541
777,Spain,Female,45,3,0.0,2,1,1,13978.753200000003,0,0.35914852755477267
764,France,Female,34,7,140494.49144999997,1,0,0,93697.8678,0,0.4974249775053031
518,Germany,Male,56,4,150270.29242499996,1,0,0,75109.2102,1,0.8935533302828286
687,France,Female,40,6,0.0,2,0,0,145157.60520000002,1,0.534242462879872
597,Spain,Male,48,6,153016.78107499998,2,1,1,20297.8305,0,0.42643544770524483
453,Germany,Female,38,3,185132.34462499997,1,1,0,110845.8675,1,0.8214798690661093
505,Germany,Female,47,6,211420.00774999996,2,0,1,101499.3747,1,0.7830461109275917
571,France,Male,48,1,160558.16539999997,1,1,1,125423.81820000001,0,0.461298880148799
843,France,Female,48,8,178388.75842499995,1,1,1,8751.2724,1,0.5086496935421975
827,France,Male,48,5,0.0,2,0,0,83677.0581,0,0.49451358273743284
635,France,Male,39,1,0.0,1,0,1,20141.0874,0,0.20514678793234234
779,France,Female,58,2,152471.38207499997,1,0,0,80119.2789,1,0.8478891634234438
595,France,Female,63,7,0.0,2,1,0,33511.06080000001,1,0.8543973130420942
647,Germany,Male,45,3,254459.54032499995,1,1,1,32517.6768,1,0.6284920253803281
670,France,Male,48,7,0.0,2,1,1,63070.17210000001,0,0.3155012298613095
712,France,Female,41,7,0.0,2,1,0,137970.03780000002,1,0.5375776451320997
685,Germany,Male,53,9,0.0,2,1,0,87327.13680000001,1,0.7831234828218818
797,France,Male,55,8,0.0,1,0,0,101339.11620000002,1,0.6406883011706647
630,Germany,Female,41,2,148613.94052499998,2,1,1,106246.06380000002,1,0.6293213687170299
571,Germany,Female,41,3,0.0,2,1,1,157681.01520000002,1,0.5626758032015281
617,Spain,Female,56,3,140874.670525,1,0,1,70135.7697,1,0.7051915481473343
834,France,Male,46,8,188962.09302499995,1,1,0,72886.24620000001,1,0.5817845379748524
695,Germany,Male,50,7,183856.91239999994,1,0,1,156640.3353,1,0.6875306193990396
608,Spain,Female,48,9,135432.94009999998,1,0,1,46656.534600000006,1,0.5683741729659839
604,France,Female,63,2,160537.98404999997,1,1,1,39043.328400000006,1,0.7935838883601127
530,Spain,Female,51,4,0.0,2,0,1,119561.43509999999,1,0.5588833461829508
521,Germany,Male,51,8,159475.69914999997,1,0,1,16597.831500000004,1,0.7031141050693809
495,Germany,Female,44,9,154944.52319999997,1,1,1,94016.0844,1,0.7205359097640661
655,Germany,Male,47,9,160475.11239999998,1,1,1,145995.5664,1,0.6272465357393515
660,France,Male,43,0,96256.07294999999,1,0,0,146652.1119,1,0.5360187215921329
608,France,Female,51,5,0.0,2,1,1,58694.4225,1,0.5084778065777035
535,France,Female,55,2,0.0,2,0,1,138203.45549999998,1,0.6209711545259371
762,France,Male,30,1,184399.54737499994,1,1,1,69341.5323,0,0.1620357049395946
744,Germany,Female,40,1,164039.30279999995,1,1,1,115190.86140000001,1,0.605580281719076
729,France,Female,42,9,0.0,2,0,0,122150.78640000003,1,0.5543844878199095
649,France,Female,46,8,0.0,2,0,1,88435.7109,0,0.4217168196293671
553,France,Female,37,3,0.0,2,0,0,129438.1296,1,0.512157993293358
685,Germany,Male,53,4,128801.15804999997,2,1,0,35605.032300000006,1,0.8277546330451344
657,France,Male,42,3,157151.39217499996,2,1,1,59233.364100000006,0,0.3119807325759093
505,Germany,Male,53,6,168151.48429999995,1,0,0,111428.3547,1,0.8813132703979405
657,Spain,Female,32,6,0.0,3,0,1,136413.77670000002,0,0.2144660706138875
522,Germany,Female,35,5,124381.01919999998,2,1,0,83647.89000000001,1,0.7330205338717696
568,France,Male,40,8,96614.40432499998,2,1,1,21879.72,0,0.26388405522615216
839,Germany,Female,61,3,0.0,1,1,1,55971.9963,1,0.7963378242630925
669,Germany,Female,40,7,184981.791225,1,1,0,152924.63850000003,1,0.8143393042684147
651,Germany,Female,34,7,53197.165749999986,1,1,1,144456.4773,0,0.45960336323740003
680,Germany,Female,44,1,0.0,2,1,0,135298.40670000002,1,0.7699956041941562
794,Germany,Male,41,0,191604.24964999995,2,0,1,142271.18640000004,0,0.4976207428990414
565,France,Male,42,9,0.0,2,1,0,4364.523,0,0.43381486499694716
687,France,Male,44,7,171786.38877499997,1,0,1,23245.5177,0,0.3550994412115237
739,Spain,Male,29,5,118694.65272499999,1,1,0,156336.90120000002,0,0.29647246408032113
755,France,Male,46,8,0.0,2,1,0,143215.9947,0,0.4847069331353205
656,France,Male,53,7,178431.50162499998,1,1,0,157700.47950000002,1,0.7447400904209328
570,Spain,Male,44,10,0.0,2,0,1,148543.5672,0,0.3074520970991493
743,France,Male,40,7,102624.98167499997,1,0,0,116969.75100000002,0,0.45886556935089057
757,France,Female,61,1,0.0,1,1,1,18496.4553,1,0.6463930071029137
704,Spain,Female,54,9,203211.184125,1,1,0,128581.67610000001,1,0.846005671199947
710,Germany,Female,51,9,197258.18842499997,2,1,0,34126.32060000001,1,0.8919020498392709
671,Spain,Male,42,6,163874.65154999998,2,1,1,118775.51640000001,0,0.33319699969949856
641,France,Female,50,7,0.0,1,1,0,102867.3027,1,0.7090302284975528
766,Germany,Male,57,9,170985.99854999996,1,1,0,137647.7226,1,0.8828564457542223
504,Germany,Male,52,7,173627.53359999997,2,1,1,121255.20180000001,1,0.732430702813134
529,Germany,Male,71,1,0.0,2,1,1,155010.4857,1,0.8724757365291158
601,Germany,Male,52,1,130260.58969999998,1,1,0,32411.9556,1,0.8365661864176758
686,Germany,Female,41,1,0.0,2,1,0,3889.8225000000007,1,0.7049917143809551
619,Spain,Male,62,8,0.0,2,1,1,99826.1091,1,0.5894952704427421
528,France,Female,37,7,233060.30007499998,2,0,1,112980.0393,0,0.44805956905743166
625,France,Female,47,7,153271.69294999997,1,1,0,39273.8625,1,0.7377581139242269
677,France,Female,46,7,0.0,1,1,0,38328.1875,1,0.624274955422052
542,France,Female,69,2,91110.68832499998,2,1,0,6403.0986,1,0.9218574017547811
633,Germany,Male,50,5,113963.54122499998,2,1,1,94996.38690000001,1,0.6330994133221792
774,Germany,Male,44,4,159857.49167499997,2,0,1,91859.8806,1,0.5260935296965037
572,France,Female,46,8,90390.46804999998,2,0,1,40824.2592,0,0.489988825412801
559,Germany,Female,50,7,191062.59332499997,1,1,1,15323.539500000003,1,0.7915972219332574
730,Germany,Female,37,7,0.0,2,1,0,116720.5788,1,0.6544489963060601
543,Germany,Male,40,6,97178.688625,1,1,1,143121.04650000003,0,0.49174832731175927
709,France,Male,54,9,170076.11854999996,1,1,0,94795.272,1,0.7332061126469391
543,Spain,Male,47,3,0.0,2,1,1,63921.7008,0,0.3380032108298761
443,Germany,Male,60,3,155005.33174999998,1,1,0,34700.54580000001,1,0.9202687564539269
581,France,Female,57,1,162600.23765,1,0,0,146003.8608,1,0.8744700645439972
536,France,Female,45,8,0.0,1,1,0,139190.5944,1,0.6626860425311275
668,Spain,Male,42,1,177804.88789999997,1,0,1,90105.5097,0,0.3519971174454985
809,Germany,Male,43,9,0.0,1,1,1,100476.97649999999,0,0.4039460838700521
734,Spain,Male,49,6,0.0,1,1,1,77059.5687,0,0.33791960857374953
592,France,Female,47,7,0.0,2,1,1,102648.3273,0,0.45082651704811655
756,France,Male,44,1,136393.73634999996,1,1,1,72947.8224,0,0.32086662319092324
687,France,Female,82,9,0.0,1,0,1,56561.814,1,0.9051804080008904
638,Germany,Male,52,8,191997.69339999996,1,1,0,156712.1094,1,0.8661192324753499
727,Germany,Female,40,8,157413.57779999997,2,1,1,111701.86740000002,1,0.5951712490658545
516,Germany,Female,57,9,169675.08365,1,0,0,121187.47770000003,1,0.9441254181830893
726,France,Female,63,1,150153.64792499997,1,0,1,22977.440100000003,1,0.7686487990584262
645,France,Male,55,6,205539.78922499996,1,0,1,2793.8682,1,0.5768255377511626
793,Spain,Male,62,2,0.0,1,1,0,128890.29420000002,1,0.7541390301026576
820,France,Female,59,1,0.0,2,1,1,96460.67250000002,1,0.6018825744720391
645,Germany,Male,50,6,173791.36489999996,1,1,1,157671.4491,1,0.687795610016829
583,Spain,Female,32,2,0.0,2,0,1,4848.1416,0,0.21581518325482216
616,Germany,Female,52,6,155922.68387499996,2,0,0,121716.11610000001,1,0.9068810996616233
727,Germany,Male,56,3,152415.62547499998,4,1,0,105909.1281,1,0.8544695763940416
786,France,Female,43,0,109815.17612499998,1,0,1,125542.3698,0,0.4206059443331489
622,France,Female,42,6,223620.70504999996,2,1,0,81856.93950000001,1,0.700594814337569
642,France,Female,65,7,0.0,2,1,1,82227.7656,1,0.7365221296703877
758,Germany,Female,45,5,0.0,2,0,0,81296.0631,1,0.7647590770010199
640,Germany,Female,56,5,142801.43399999998,2,1,0,126259.6086,1,0.9228293102218439
609,Germany,Male,42,7,95050.97127499999,1,1,1,123059.16900000001,1,0.50452919721798
601,Spain,Male,34,7,0.0,2,0,0,117174.94020000001,0,0.3279836149262826
752,Germany,Female,46,1,114843.18887499998,1,1,1,85277.2455,1,0.6678676926778044
605,France,Male,45,6,0.0,2,1,1,36617.3217,0,0.2799237885512913
631,France,Male,39,2,0.0,2,1,1,15051.2904,0,0.19363412350878412
731,France,Male,53,2,0.0,1,1,1,137728.30950000003,0,0.4081124689439559
591,France,Male,59,3,0.0,2,1,0,40599.98640000001,1,0.7226659445230659
430,France,Male,41,5,0.0,1,1,0,77480.6796,0,0.4783660929868893
635,France,Male,39,7,139399.39532499996,1,1,1,121381.65090000002,0,0.28371967279252097
727,France,Female,36,9,160694.7003,1,1,1,118896.20640000001,0,0.3418975557116902
667,Germany,Female,54,5,185687.83429999996,2,0,1,46302.9939,1,0.8173753600547873
531,Germany,Female,74,2,232435.81557499996,2,1,1,49184.334,1,0.960089278284751
731,Germany,Female,53,9,104636.55707499999,1,0,0,444.3012,1,0.884389852078355
513,Germany,Female,59,5,226942.67957499996,1,1,0,102241.3104,1,0.9559528676483144
602,Germany,Male,48,2,94780.89032499999,2,0,0,111060.63090000002,1,0.7859646986763598
476,Spain,Female,79,1,139264.18292499997,1,0,1,108750.8754,1,0.9374918269830058
586,France,Male,43,9,0.0,1,1,0,5649.766200000001,0,0.45778943881991757
496,Germany,Female,69,7,121246.93225,2,1,0,132144.35580000002,1,0.9713240446818638
742,France,Male,41,4,139178.70974999998,1,1,1,15957.1944,0,0.27067421298321087
733,France,Male,43,3,0.0,1,1,1,6210.0513,0,0.23001725365602657
656,Spain,Female,42,1,137876.272075,1,1,1,13797.839699999999,0,0.4346853752865258
679,Germany,Male,70,8,0.0,2,1,1,41618.529,1,0.8315450299348688
689,Germany,Male,55,0,172150.90944999998,2,1,0,122193.6678,1,0.8693008203466895
586,Germany,Female,48,2,0.0,2,1,0,70606.4526,1,0.8236618718565725
591,Spain,Female,50,1,114232.64352499998,1,0,1,110781.3996,1,0.6064857517128491
753,Germany,Male,42,5,211474.08477499997,1,1,0,120537.02340000002,1,0.7389488480693479
597,France,Female,36,8,198360.968275,1,1,0,34287.7698,1,0.5951802192562252
651,Germany,Female,45,1,216494.28154999999,3,1,1,23962.6188,1,0.7010763331084101
624,France,Female,55,3,90775.83132499999,1,1,0,136081.8711,1,0.8221377291502349
470,Germany,Male,49,5,155353.955975,2,0,0,51601.779,1,0.8350356191315375
646,Germany,Male,49,6,160924.32597499999,2,0,1,50052.7107,1,0.6386277117938663
633,Spain,Female,43,4,122800.76395,1,1,1,129448.6758,0,0.47445707905639045
711,Spain,Male,42,5,0.0,2,1,1,119653.4187,0,0.23827367812471725
850,Germany,Male,47,6,0.0,2,1,0,88525.8882,1,0.662403141524038
620,Spain,Male,54,8,0.0,2,1,1,12658.2831,0,0.4276434739209187
578,France,Female,50,7,0.0,2,0,0,82809.32130000001,1,0.7151567637099899
850,Germany,Female,35,8,91761.88732499997,2,1,0,71145.7344,1,0.6377142928830963
644,Germany,Male,43,7,230870.62359999993,1,0,1,35593.902899999994,1,0.5879539656345956
549,Germany,Male,46,6,184386.08432499995,1,0,0,68026.54590000001,1,0.8112126943053901
675,Germany,Male,52,2,122485.50639999997,2,1,0,6939.415800000001,1,0.8123915623848407
770,France,Female,43,6,0.0,2,1,1,102166.83899999999,0,0.3368999222673589
756,France,Male,38,8,237997.3645,1,1,0,72849.8448,0,0.4911618777866149
479,Germany,Female,33,9,163428.61197499995,1,0,1,77070.10680000001,1,0.5511814059177595
756,France,Female,34,1,0.0,2,1,0,149187.6225,0,0.4024438557715091
509,Germany,Female,39,0,142449.873825,2,1,1,75247.51770000001,1,0.6154482537608492
684,France,Female,44,6,0.0,2,1,1,106051.8582,0,0.37527207017726727
745,France,Female,38,6,0.0,2,1,0,125055.2358,0,0.4718263032080934
694,Spain,Female,45,7,0.0,1,1,0,108192.04830000001,1,0.6269081323730217
641,Spain,Male,41,3,202760.59515,1,1,0,48541.6719,1,0.5567734864039113
732,France,Male,56,0,0.0,2,1,1,149324.1318,0,0.4515394143347212
535,France,Female,59,3,0.0,1,0,0,50074.532100000004,1,0.8361498802811497
670,Germany,Female,43,9,111779.65729999998,2,0,1,160393.8105,1,0.6487322277485046
545,Spain,Female,54,1,0.0,2,1,1,66918.0609,1,0.5895960918873193
724,Germany,Male,50,6,0.0,2,0,0,85981.07879999999,1,0.7406010954402578
577,Germany,Female,41,4,80951.78554999999,1,1,1,117652.8483,1,0.6149257780015949
578,France,Male,56,5,149742.00657499998,1,1,0,45984.3156,1,0.7679873842290029
504,Spain,Male,50,5,0.0,2,0,0,118829.7216,1,0.6315947718480385
550,France,Male,41,5,188059.75127499996,2,1,1,98999.58510000001,0,0.34706060845158565
495,France,Female,48,2,83440.50572499998,1,1,1,38142.6732,1,0.5453209931199722
776,France,Female,48,2,224592.84834999996,1,1,0,137126.27700000003,1,0.7706018051350021
712,Germany,Male,46,2,133241.21374999997,3,0,0,57314.2797,1,0.7399310395840254
562,France,Male,46,6,0.0,2,1,0,26604.7092,1,0.5105670835504275
555,Spain,Female,34,2,0.0,2,0,1,160271.9055,0,0.272759715727678
839,Spain,Female,43,10,99970.98867499999,1,1,0,50766.2802,1,0.6062200716460324
699,France,Male,38,7,0.0,2,1,1,18374.6718,0,0.1729469812747762
803,France,Female,36,4,0.0,2,1,1,146778.8607,0,0.2351869544249693
773,Germany,Female,33,8,0.0,2,1,0,45975.4299,1,0.5605822452903961
459,Spain,Female,52,6,171441.29562499997,2,1,1,143923.2462,1,0.6955754686012735
642,Spain,Female,43,9,0.0,2,1,1,121884.86340000002,0,0.38220092751514356
694,France,Male,47,10,190222.40907499997,1,0,1,26994.6351,0,0.4170805806744328
700,France,Female,44,2,100936.757525,1,1,0,103790.3949,1,0.6580646368790762
624,France,Male,90,3,0.0,1,1,1,53299.1664,1,0.9117465817813266
697,Germany,Male,40,1,0.0,2,0,0,595.9899,1,0.5694463596346451
622,France,Male,50,4,131985.18259999997,2,1,0,159871.42530000003,1,0.6734330808309392
715,France,Male,51,4,124669.29774999998,1,0,1,123785.1072,0,0.4602575616964623
581,Spain,Male,56,2,104986.940225,2,0,0,152679.18420000002,1,0.7665422568317363
724,France,Female,42,6,0.0,2,1,1,121521.6999,0,0.3355783755947644
566,Germany,Male,75,4,158832.79222499998,1,1,0,87126.15960000001,1,0.9692681545763364
500,Spain,Male,48,7,0.0,2,0,0,155530.7163,1,0.6065228171255608
642,France,Male,72,7,0.0,2,1,1,49507.8075,1,0.725608681116452
685,Germany,Female,53,1,175452.33232499997,1,1,1,33920.353800000004,1,0.8001382043823433
649,Germany,Male,30,5,0.0,2,1,1,47230.7274,0,0.22271177790464672
535,France,Male,48,8,113711.287575,1,1,0,7483.063500000001,1,0.6322172022357928
745,Germany,Female,48,7,0.0,2,1,1,157326.96420000002,1,0.6393633993131717
525,France,Female,33,5,0.0,2,1,0,129801.77100000001,0,0.44174408851794217
543,France,Male,52,4,118811.69397499999,3,1,0,69646.6674,1,0.6885005358271353
750,Spain,Female,46,6,0.0,2,1,1,48451.292100000006,0,0.3903346943942194
635,Spain,Male,56,8,0.0,2,1,1,49198.719600000004,0,0.4671478285480536
574,France,Male,43,8,132603.14717499996,1,1,0,83435.07870000001,1,0.5634347651303536
576,Germany,Male,56,4,181669.10064999998,1,1,1,27094.5891,1,0.7687141983318804
497,Germany,Male,37,7,197581.85707499995,1,0,0,135692.9739,1,0.722971746117764
554,Germany,Male,36,4,160505.72827499997,1,1,1,7081.311600000001,0,0.4283711600051943
850,Germany,Female,45,7,151142.17699999997,1,0,1,105025.0779,1,0.6601068753918734
539,Germany,Female,48,8,139438.76614999998,1,0,0,65266.10640000001,1,0.8835210179662945
617,France,Female,37,4,0.0,2,0,0,154118.0601,1,0.5005943026930997
614,France,Female,45,1,0.0,2,1,1,2707.5222000000003,0,0.387836045513263
622,Spain,Female,57,6,188216.91717499998,1,0,0,81148.27050000001,1,0.8755925459721214
712,France,Female,42,1,0.0,2,1,0,1379.8998,1,0.5247812936702991
776,Spain,Male,40,6,0.0,2,0,1,51766.176600000006,0,0.1965555713544142
543,France,Female,41,2,195299.20885,1,1,1,13493.595599999999,0,0.4738245904253527
630,France,Male,43,9,0.0,2,1,0,52491.7179,0,0.44475633496631045
439,Germany,Female,76,9,0.0,1,1,0,53083.8036,1,0.977063633045957
776,France,Male,46,1,0.0,2,1,0,43316.98560000001,0,0.4561573939898016
637,Germany,Male,43,2,192730.34517499997,1,0,1,88467.7383,1,0.5760157327991934
656,Germany,Female,59,9,128405.32057499998,1,1,0,60564.6882,1,0.9330802438691009
504,Spain,Male,44,0,72712.12122499998,1,1,1,110897.0028,0,0.3606526997596052
846,France,Female,44,10,188308.93672499995,2,0,1,55398.8484,0,0.44795718827522185
587,Spain,Female,45,3,110146.47559999999,1,1,0,101698.3512,1,0.7132139834858078
684,France,Male,40,2,0.0,2,1,0,67613.7942,0,0.38044747927744277
850,Germany,Female,55,5,137420.78984999997,1,1,0,48667.3191,1,0.895609063807139
687,France,Female,46,4,128491.40209999998,1,0,1,51179.89050000001,0,0.4970853609739777
662,France,Female,46,4,220737.41699999996,2,1,0,112485.6072,1,0.7527307698359677
583,Germany,Female,64,6,153395.26734999998,1,1,0,46618.7238,1,0.9578675827145494
618,Germany,Male,51,8,49861.939775,1,1,1,158578.13880000002,1,0.6390208858041807
631,Germany,Female,39,2,128102.00519999999,2,1,1,25606.8135,1,0.5647788421567539
685,Germany,Male,30,4,138492.12065,2,1,0,31339.985399999998,0,0.48361809801572175
711,France,Female,44,6,0.0,2,1,1,142001.40780000002,0,0.3758453756704147
664,France,Male,65,8,0.0,2,1,1,112720.9284,1,0.6225772079885078
572,France,Male,43,5,0.0,1,0,1,33322.63050000001,0,0.2720037262911246
683,Germany,Female,48,5,168772.9006,1,1,0,100315.31670000001,1,0.8754832624812967
640,France,Female,39,4,0.0,2,1,0,36372.450600000004,0,0.4982110382316059
850,France,Female,48,1,141337.96872499998,2,1,0,23759.7381,1,0.6835892721481683
643,Germany,Male,46,7,213007.9864,2,0,1,68278.8042,1,0.624433871009252
405,Germany,Male,41,5,176288.81357499998,2,1,1,59089.6134,1,0.5675450614494439
850,Germany,Male,42,3,182127.09562499996,1,0,1,129116.9808,1,0.503759023151611
784,Spain,Female,52,2,144221.32289999997,2,1,0,5191.735500000001,1,0.7616376455893514
724,Spain,Male,55,5,110942.59414999998,1,0,1,27638.6661,1,0.5102472553893835
731,Spain,Female,43,5,181695.64322499998,2,1,0,133650.5508,1,0.6860244880967294
671,Spain,Male,48,0,122562.60814999999,2,1,0,2954.5317,1,0.5995562401382064
611,France,Female,71,3,174019.29777499998,4,0,1,53652.9663,1,0.8642565322614044
647,France,Female,39,0,129953.42584999999,2,1,0,133421.53950000004,1,0.5997961941530211
544,Germany,Male,32,3,87924.19069999999,1,0,1,89357.0859,0,0.3413875228979758
667,Germany,Male,65,9,204185.31117499995,1,1,1,111516.71759999999,1,0.8684896976711418
689,Spain,Female,65,4,0.0,2,1,1,47338.2225,1,0.7282249354478575
778,France,Male,47,3,187535.48582499998,1,0,1,145331.6904,0,0.41738206385464954
666,Germany,Female,69,8,201832.689475,2,1,1,152913.663,1,0.9364929228829224
484,France,Male,51,5,0.0,1,1,1,60156.55350000001,0,0.42142384693788426
665,Germany,Female,37,2,194984.05709999998,1,0,0,151881.52860000002,1,0.7882512222606153
795,Germany,Female,46,1,200814.53639999998,1,1,1,109665.00090000001,1,0.7103510762602704
777,Germany,Female,44,5,127877.36535,1,1,1,139821.0012,1,0.6484024365518389
669,France,Male,39,7,0.0,2,1,1,111897.9522,0,0.2011386244989339
563,France,Female,44,6,184899.17464999994,1,1,1,123458.4099,1,0.5403252692932994
764,Germany,Female,49,9,182956.64697499998,1,1,0,40559.0814,1,0.8725051164176498
637,France,Male,70,3,0.0,2,1,1,56840.9643,1,0.697885018538393
415,Germany,Male,63,5,221200.6094,1,1,1,18109.3725,1,0.8779547362542314
554,France,Female,49,10,211775.56187499996,1,1,0,26587.5615,1,0.8017823283980565
683,Germany,Female,42,0,182731.27974999996,2,1,1,152444.89979999998,1,0.6619651142022633
768,France,Female,46,3,186915.471375,1,0,1,101955.105,1,0.5242152853258272
686,France,Female,49,3,147717.45745,1,0,0,110681.51040000001,1,0.7657370489373246
569,France,Male,47,9,236404.59839999996,1,1,0,161942.62770000004,1,0.7083500179216046
706,Germany,Male,38,3,0.0,2,0,1,147050.3727,0,0.3491551051108659
492,France,Male,45,4,186947.76682499997,2,1,0,32010.8193,1,0.6304159327027569
662,France,Male,84,6,0.0,2,1,0,100102.91850000001,1,0.9391544794595253
748,Spain,Male,70,3,0.0,2,1,1,63337.4397,1,0.6823638655028369
425,Germany,Female,49,5,0.0,2,1,0,114162.5907,1,0.8612683018968993
580,Germany,Male,55,8,137197.65764999998,1,1,0,38417.27130000001,1,0.8698669519846189
648,Germany,Male,43,5,183383.45739999998,1,1,0,23551.7787,1,0.7441047873437755
535,Spain,Male,45,8,157364.16919999997,1,1,1,109784.74320000001,0,0.42335638598885283
749,France,Female,36,6,0.0,2,0,1,28308.503699999997,0,0.23201218628614897
791,Spain,Male,35,7,0.0,1,1,0,72629.68680000001,0,0.2957882180297151
718,France,Male,45,8,0.0,2,1,0,76804.88850000002,0,0.4621906023718306
584,Germany,Male,57,7,172637.52332499996,1,1,0,75261.83039999999,1,0.8968795412216035
699,Germany,Male,46,2,163463.06309999997,2,1,0,83881.8585,1,0.7651719347407968
760,Germany,Female,43,1,156206.13529999997,2,0,1,126894.7701,1,0.6450951391369615
602,France,Male,59,0,253667.04542499996,1,0,0,79088.56199999999,1,0.8466936698862741
636,France,Male,53,6,0.0,2,1,0,34934.4495,1,0.6164654433450494
738,Germany,Female,67,9,196238.6864,1,0,0,125588.1591,1,0.9671595841095756
722,France,Female,59,3,222441.40534999996,1,1,0,114020.11170000001,1,0.8846154119671614
713,Germany,Female,48,7,191241.72594999996,1,1,1,45841.4316,1,0.7413018495648749
613,Germany,Male,79,9,104184.55302499999,1,0,1,7088.7879,1,0.9327356112423615
521,Germany,Male,48,6,0.0,2,1,0,41677.7886,1,0.7421866373470172
688,France,Female,61,5,0.0,1,1,0,74215.52910000001,1,0.8329010542250529
719,France,Male,71,5,0.0,2,0,1,23597.268300000003,1,0.6942971774002574
733,France,Female,48,3,208503.18109999996,1,0,0,15923.3283,1,0.7571855884337271
764,Germany,Male,44,6,143835.45707499998,2,1,0,134723.0799,1,0.7238895316781208
653,France,Male,53,0,0.0,2,1,0,22568.689800000004,1,0.6085607368170076
511,Germany,Female,85,9,139668.12732499998,1,0,1,85394.3958,1,0.9794180734418767
761,Germany,Male,47,7,175535.649825,1,1,0,161427.3381,1,0.79181074322361
742,Germany,Male,43,1,182422.93887499996,1,1,1,41623.551,1,0.5248274995974285
614,Germany,Male,54,6,0.0,2,0,1,84993.6726,1,0.6402229691501247
850,Germany,Male,37,1,133940.48562499997,2,1,1,21274.7958,0,0.3455933887757837
613,Germany,Male,48,9,166986.62629999997,2,0,0,12846.559500000001,1,0.8015409224780681
544,France,Female,31,10,213618.08209999994,2,1,0,7502.8437,1,0.5133253306142535
603,Spain,Female,52,6,0.0,1,1,1,73254.6747,1,0.5527174640213294
655,France,Female,48,6,0.0,1,1,1,152797.81680000003,0,0.4741866034439298
603,France,Male,41,1,171586.109375,1,1,0,88407.612,1,0.5450130603773811
842,France,Female,47,4,175159.94079999995,2,1,0,70527.6558,1,0.6979663779036727
549,Germany,Male,55,6,164308.62992499996,1,1,1,118561.73310000003,1,0.7674617783182449
698,France,Female,37,1,125532.638975,1,1,1,32675.319000000003,0,0.3265020802221141
586,Germany,Female,45,7,217907.02894999995,3,1,0,97049.5425,1,0.8666328309094165
706,Germany,Male,46,9,77460.38554999998,2,1,0,33026.9481,1,0.7132222126537141
722,Germany,Female,50,6,117934.01684999997,2,0,1,123835.99950000002,1,0.7396211409102318
629,Germany,Female,55,7,171684.82077499997,3,1,0,7466.2155,1,0.9127486491386176
655,France,Male,38,10,0.0,2,0,1,102517.82010000001,0,0.1952992166248037
492,Germany,Male,55,9,225215.1904,2,0,0,133440.8661,1,0.9077192194520987
757,France,Male,48,0,0.0,1,1,0,67443.07860000001,1,0.5138165465276207
556,Germany,Female,53,4,166490.47719999996,1,1,1,60632.5257,1,0.8216278535930545
596,France,Female,49,10,114457.46852499997,1,0,1,106732.87380000002,1,0.5788769892995137
718,France,Male,37,2,0.0,2,0,0,21245.684400000002,0,0.3198946255230583
637,France,Female,54,2,0.0,2,1,0,121229.1765,1,0.7593505232908132
598,Germany,Male,48,1,134216.79554999998,1,1,1,61526.87100000001,1,0.6238325664603227
683,France,Female,42,9,0.0,2,1,1,20243.4552,0,0.32622302312872126
520,Spain,Female,40,4,192057.40427499998,2,0,0,117580.3776,1,0.6963219439239366
590,Spain,Male,47,1,0.0,2,0,0,108164.1519,1,0.5544637129738097
797,France,Male,47,4,99536.24324999998,1,1,0,69499.43370000001,1,0.5507338582908131
769,Germany,Male,39,4,192385.88682499997,1,1,0,152590.04369999998,1,0.6867416481168581
790,Spain,Male,56,2,173730.70182499997,2,1,1,146035.4508,1,0.558193340933193
499,France,Male,45,10,0.0,2,1,0,8685.257400000002,1,0.506233398936686
741,France,Female,31,9,0.0,2,0,1,112800.22740000002,0,0.1865232871950029
642,France,Male,45,4,165942.41997499997,1,1,1,74338.1631,0,0.38328929151679425
594,France,Female,44,7,187167.53987499996,1,0,0,7648.951499999999,1,0.7187379644902546
736,France,Male,37,5,68138.836875,1,0,1,155626.7337,0,0.2127188678517858
794,Spain,Male,48,9,237496.28247499996,1,1,0,19112.954400000002,1,0.6541746950080917
484,Germany,Female,60,2,119564.79159999998,2,0,0,39018.1617,1,0.9439737866381064
609,Germany,Female,50,10,181697.97082499997,2,1,0,137798.9982,1,0.8999881199118153
613,France,Female,31,7,139692.963875,1,1,1,29614.013100000004,0,0.2636977459339172
762,Spain,Male,45,9,162574.15794999996,2,0,0,121355.85240000002,1,0.5817782485264071
656,Germany,Male,45,6,0.0,2,1,0,1203.0687,1,0.6595901635016126
678,Germany,Female,47,8,197053.703475,2,1,1,17392.660200000002,1,0.7236832044501096
672,Germany,Female,44,1,187995.68937499996,2,1,1,136690.2054,1,0.6960515068572705
501,France,Female,44,3,142496.161325,1,1,0,7491.981600000001,1,0.7093827148715567
602,Germany,Female,52,6,209503.63912499996,1,1,1,106828.0326,1,0.8262935681888012
542,France,Male,42,7,142660.34969999996,1,1,0,101495.13840000001,1,0.5642622537450465
676,Germany,Male,47,10,140505.93107499997,1,1,1,135009.4068,1,0.6075964737523553
604,Germany,Male,37,9,134039.05154999997,1,0,0,24504.363,1,0.6420272824048313
686,France,Female,57,5,149877.50992499996,1,1,0,100578.429,1,0.8497443128589085
615,Germany,Female,54,9,166773.83604999998,2,0,1,89681.59620000001,1,0.824321831844865
504,Germany,Female,54,0,174402.13507499997,2,1,1,128009.74320000001,1,0.8435840184386065
698,France,Male,57,5,206660.87247499998,2,0,0,855.0846,1,0.7736429957022853
705,Spain,Female,34,5,235140.27517499996,2,0,0,64707.7086,1,0.5661439689370579
665,Germany,Male,73,7,138161.01954999997,1,1,1,20383.941600000002,1,0.9014730724760984
720,France,Female,44,3,156461.761325,2,1,1,110257.43490000001,0,0.4649789773429159
678,Spain,Female,37,5,115189.551625,2,1,0,121136.26950000001,1,0.5553894212923163
676,France,Female,51,4,134177.06764999998,1,1,1,64072.352699999996,1,0.5890352041192751
632,France,Female,37,3,142004.52195,1,1,1,50789.7378,0,0.3558588520422502
644,France,Male,47,2,246445.19032499995,2,1,0,75175.8813,1,0.6695390037471864
744,Spain,Male,44,3,0.0,2,1,0,22067.9235,0,0.4348312966999882
790,France,Female,43,10,178697.15219999995,1,0,0,158116.0419,1,0.6830314970675682
479,Spain,Male,45,4,166530.49604999996,1,1,1,16518.6864,0,0.42324507046269266
728,Germany,Male,52,8,0.0,2,0,1,33876.8082,1,0.5663837501934423
736,Spain,Male,42,7,0.0,1,0,1,64056.92219999999,0,0.23807554001777792
682,Germany,Female,45,2,155312.9717,2,1,1,13697.8938,1,0.6678531540387128
693,Spain,Female,56,3,200635.58892499993,1,1,0,146396.3544,1,0.8657589521354315
601,Germany,Female,59,4,127294.56604999996,2,1,0,84453.69420000001,1,0.9347360818237671
679,France,Female,34,6,152019.7351,2,0,1,109972.2825,0,0.3100087592430064
746,France,Female,47,4,0.0,2,0,1,138542.0436,0,0.4239158810266724
787,Spain,Female,49,7,227002.8401,1,0,1,81641.0016,1,0.6040944339777289
705,Germany,Female,66,2,189447.68857499998,1,1,0,71627.0121,1,0.9626707672337859
531,France,Female,57,6,0.0,1,0,0,157948.6554,1,0.8300933204298335
597,France,Male,55,7,0.0,2,0,0,135882.7245,1,0.6846978492634949
702,Spain,Male,49,8,0.0,2,1,0,80719.8453,1,0.5492670595920538
506,Germany,Male,69,8,157578.65224999998,2,1,1,138250.5894,1,0.9005451130065838
654,Germany,Male,47,2,192569.31757499996,2,0,0,150903.4779,1,0.8118084496663336
516,Germany,Male,60,7,184720.28007499996,2,1,0,36928.89630000001,1,0.9170932736414328
622,Germany,Female,51,9,0.0,2,1,1,126186.97590000002,1,0.7098497961385194
506,France,Female,44,4,119431.82744999998,1,1,1,128980.5849,1,0.5139954271484886
537,Germany,Female,57,6,136433.53037499997,1,1,0,13170.3084,1,0.9305821935055372
542,France,Male,39,9,0.0,1,1,0,6757.303500000001,0,0.39907478830946935
636,Germany,Male,86,9,167342.0085,1,1,1,32229.592200000003,1,0.9633412943460804
538,France,Female,43,5,0.0,2,1,0,102839.55210000002,1,0.6103627257203171
633,Spain,Male,68,6,130013.00447499998,1,1,1,106947.6453,1,0.7627717290739575
577,Germany,Male,58,6,237854.61384999997,1,1,0,156800.05920000002,1,0.9228926452626589
807,Germany,Female,41,1,186563.99054999996,3,1,1,157348.2591,1,0.6072750164619354
654,France,Male,42,9,160625.09712499994,1,1,0,153955.5093,1,0.5578496835729612
652,Germany,Male,41,2,157573.95737499997,1,0,0,121289.5782,1,0.7234024126353908
624,Germany,Male,46,6,0.0,2,0,0,68647.4676,1,0.7011711084726018
616,Germany,Male,39,8,197473.78237499995,1,1,0,114004.3653,1,0.7173095597637837
521,Germany,Female,59,2,169211.983825,1,1,1,148039.76340000003,1,0.8888378844206553
550,Germany,Female,55,8,147138.16277499998,1,0,0,79074.9702,1,0.9276212918355048
507,Germany,Male,50,3,158839.43117499995,1,1,0,74580.75809999999,1,0.8457804628930687
512,Spain,Male,43,3,233641.60494999995,1,1,0,76683.32370000001,1,0.6490740324864056
587,France,Male,43,8,195946.321325,1,0,0,99569.57400000001,1,0.609713725394444
616,Germany,Male,49,2,160953.96319999997,2,1,0,45000.603,1,0.8093473291499363
516,Spain,Female,41,3,0.0,2,1,0,100603.8306,1,0.5903668220199596
630,France,Male,60,8,0.0,2,0,1,64295.734500000006,1,0.5401180044920887
608,Spain,Male,76,8,163904.50037499997,1,1,1,53264.13390000001,1,0.8598007384954454
649,Germany,Male,88,4,90387.39985,2,1,1,115479.0675,1,0.9616403556907537
640,France,Male,48,9,0.0,2,1,0,71950.4127,1,0.5360761668163838
762,France,Male,42,10,253623.29712499995,1,1,0,145522.8423,1,0.5870427384908923
621,Spain,Female,47,9,109848.51634999999,2,1,0,7428.1374000000005,1,0.709652946496877
484,France,Female,42,3,0.0,2,1,1,112906.70189999999,0,0.3927314430610948
809,France,Female,48,2,204674.34522499997,2,1,1,141588.25110000002,1,0.5509182336164029
725,France,Male,53,2,219397.45999999996,2,1,0,105944.37120000001,1,0.7326646506446802
578,Spain,Female,38,8,213706.4251,1,1,0,144046.17990000002,1,0.6739146158946733
511,France,Female,56,1,0.0,1,1,1,93781.37879999999,1,0.639225428399327
670,France,Female,45,3,136832.48895,2,1,1,141447.9186,0,0.49036417359414797
735,Germany,Male,38,5,212200.613375,2,0,1,93115.34820000001,0,0.46301103195399235
511,Spain,Female,67,8,162601.784975,1,1,1,146819.59560000003,1,0.8674465161019248
778,Germany,Male,43,1,0.0,2,1,0,69206.1813,1,0.6088542588260061
785,Germany,Female,48,1,0.0,1,1,0,109321.5285,1,0.8034134212218832
690,France,Female,50,9,102681.53177499998,1,0,0,153131.78790000002,1,0.7643207619723993
635,Spain,Male,41,1,0.0,2,1,0,109659.60630000001,0,0.4288195870051272
708,Spain,Male,29,7,148934.47484999997,1,1,1,3638.3337,0,0.14655139732018196
560,Spain,Male,57,1,0.0,1,0,0,104394.9546,1,0.7338561730482496
516,Germany,Female,63,1,207201.62949999998,1,1,0,95986.89540000001,1,0.9645235059692466
535,France,Female,48,8,0.0,2,1,0,110662.71840000001,1,0.6944925326989414
496,Spain,Male,39,2,0.0,2,1,0,44865.5679,0,0.41636126792607503
601,France,Male,49,3,96076.50389999998,1,1,0,33840.099,1,0.6263761160986793
408,France,Female,94,8,116212.55827499999,1,0,0,152672.4612,1,0.9908237316314226
588,France,Male,54,8,204206.88114999994,1,1,0,39952.4643,1,0.7650513090916867
678,Germany,Female,65,5,0.0,1,0,1,159403.2291,1,0.8745691753711009
733,Germany,Male,49,5,121059.67947499998,1,1,1,75964.23,1,0.6022097355192112
743,Spain,Male,55,7,208071.91384999998,1,1,0,101593.78020000001,1,0.7667987646038296
426,France,Male,44,9,0.0,2,1,0,87380.29710000001,1,0.5247128844023254
717,Germany,Female,45,5,136501.45397499998,1,1,0,139459.88700000002,1,0.8386408546033138
527,Germany,Female,35,6,0.0,2,0,1,78374.44980000002,0,0.4566719280522431
752,Germany,Male,42,9,152864.455525,2,0,1,82358.74260000001,0,0.49027798193693534
580,France,Male,65,6,137944.34115,1,0,1,142357.6701,1,0.7399672638571096
590,France,Male,53,8,0.0,2,1,1,116338.9311,0,0.43007315226418225
738,Spain,Male,54,2,0.0,2,1,0,34845.2442,1,0.6165720043950903
824,France,Male,55,3,170879.53729999997,1,0,0,48722.9337,1,0.7198663242033
559,Germany,Female,38,3,201370.21122499998,1,0,0,52036.2711,1,0.8069267350869717
657,Spain,Male,85,7,166997.29887499998,1,0,1,74255.61600000001,1,0.9213936037419037
605,France,Female,43,4,0.0,2,0,1,67797.53460000001,0,0.3762215502628006
644,Germany,Female,54,8,140215.06042499997,2,0,0,120469.21020000002,1,0.9129175836365756
662,France,Female,49,5,184570.81112499998,2,1,0,49925.338200000006,1,0.7652303033828071
756,Spain,Male,48,6,157653.704125,1,1,0,137508.7509,1,0.6391796608228901
632,Germany,Male,50,5,195268.02429999996,1,1,1,161736.61229999998,1,0.7031521613672532
559,Spain,Female,41,1,184069.59684999994,1,0,1,116122.0536,1,0.501137265540895
741,Germany,Female,47,8,225936.00579999996,2,0,0,88972.95960000002,1,0.874011528806859
797,Germany,Male,42,10,150876.8835,1,0,1,101883.65490000001,0,0.4929763726563044
520,Germany,Male,44,8,158724.94234999997,2,1,1,278.1378,1,0.5671220105242172
710,Germany,Female,41,5,0.0,2,1,0,7745.001300000001,1,0.7009320234717404
841,Germany,Male,42,2,154825.352725,1,1,0,91920.582,1,0.6839681984349705
715,Germany,Male,52,6,0.0,2,1,1,104284.0089,1,0.5780207977344448
713,Spain,Female,58,1,216573.68444999997,1,0,0,127478.72340000002,1,0.8845672256888155
558,Germany,Male,42,4,143141.990975,1,1,1,116464.4568,1,0.547283488626286
709,Spain,Male,33,10,0.0,2,0,0,104968.04579999999,0,0.28629752580150336
850,Germany,Female,57,10,177719.56019999995,1,0,0,21718.440899999998,1,0.9171719804316714
561,Germany,Female,38,3,0.0,2,1,0,155024.08560000002,1,0.7154687820599065
683,Spain,Male,50,8,0.0,1,1,0,61437.0582,1,0.5792388635493386
613,France,Male,47,9,143208.89625,1,1,1,92464.28640000001,0,0.4157767387278211
810,Germany,Male,45,3,128037.12335,2,1,1,97613.9343,1,0.5083238249163519
683,Germany,Female,53,4,153261.93289999996,1,1,1,95052.8439,1,0.8001336264295299
705,Germany,Female,47,3,145440.90595,1,1,1,29419.904700000003,1,0.7012194030060374
685,France,Male,43,6,0.0,1,1,0,47351.1906,0,0.44003581779506856
597,France,Female,52,4,85618.80869999998,1,1,1,86541.30720000001,1,0.6010981569781811
612,France,Female,41,8,156041.45759999997,1,1,1,43845.1866,0,0.4378660568469187
850,France,Male,43,10,0.0,1,1,0,3937.993200000001,0,0.38874343447005166
773,Germany,Male,61,8,153671.39212499998,2,1,1,70228.13399999999,1,0.7810451943320499
729,Germany,Male,40,6,84202.80794999999,1,1,0,117540.20969999999,1,0.6432907047731037
698,Spain,Male,55,5,217486.36814999997,1,1,0,114995.7162,1,0.7812874787723876
698,Germany,Female,46,7,160371.13744999995,1,1,1,10844.182799999999,1,0.6929690109985324
746,France,Female,34,4,0.0,1,0,1,76225.05,0,0.22250546373615876
557,Germany,Female,38,7,193673.82989999995,2,1,0,149297.3694,1,0.8064806119068578
499,France,Female,67,1,0.0,1,0,0,106411.6278,1,0.908241172780721
608,Spain,Female,66,5,0.0,2,0,1,124586.4321,1,0.7753491053147261
770,Spain,Male,40,8,0.0,2,0,1,41180.2785,0,0.19634007908994391
691,Germany,Male,45,6,0.0,2,0,1,144210.91770000002,0,0.47433061913619345
625,France,Female,49,3,172965.70169999998,1,0,1,98266.01670000001,1,0.6050751792895579
628,Germany,Male,43,6,0.0,2,0,0,149226.48630000002,1,0.6687978816532579
757,France,Female,81,0,116491.26192499998,2,1,1,125013.3507,1,0.9162347276037861
782,Germany,Female,51,4,0.0,1,1,0,107684.54280000001,1,0.8358705784078669
596,France,Male,31,4,278297.7482999999,2,0,1,159811.1937,0,0.2518872872557689
365,Germany,Male,40,0,168962.692575,1,1,0,66045.6585,1,0.7595505299283608
572,France,Female,49,2,0.0,2,1,1,449.77680000000004,0,0.4688978081603914
707,Germany,Female,61,10,130184.55917499997,1,0,0,57330.69030000001,1,0.9401005437991962
667,France,Female,58,2,0.0,2,1,1,120372.79590000001,1,0.6286943730756129
644,Spain,Male,38,0,0.0,2,1,0,96729.6897,0,0.3718235542957492
508,France,Male,36,7,272384.74499999994,1,1,0,126703.764,1,0.5551692175620252
711,Spain,Male,46,8,0.0,2,1,0,44718.002100000005,0,0.4851497313570913
850,Germany,Male,42,2,170136.95354999998,2,0,0,44077.1058,1,0.6770893641524214
667,Germany,Female,47,5,121896.610375,3,1,0,144266.1354,1,0.8480301583281284
781,Germany,Male,45,7,122365.83337499997,2,1,1,140808.40740000003,1,0.5225238477937971
814,France,Female,41,4,0.0,2,1,1,115043.62770000001,0,0.2976483428724382
766,France,Female,36,3,137882.26299999998,1,1,1,346.8663,0,0.2966005914648937
445,France,Male,41,7,191837.34027499997,1,1,1,142473.7593,0,0.39554709341023997
587,France,Male,52,1,0.0,1,0,0,99635.59710000001,1,0.6411811524683457
782,Spain,Female,37,3,0.0,2,1,0,116327.34810000002,0,0.4517334809054941
600,Germany,Male,38,2,154234.32747499997,1,0,1,48523.2849,0,0.46283221821926007
608,Germany,Female,48,8,137081.76697499998,2,1,1,111034.6866,1,0.738009535091003
655,Spain,Female,44,4,145188.93002499998,2,1,0,108567.79920000001,1,0.6937204982892825
602,Germany,Male,45,8,0.0,1,1,1,18224.4249,0,0.4760559203201362
756,Germany,Female,44,2,195995.45219999997,1,0,0,157613.42880000002,1,0.8492690433735276
542,France,Female,35,7,0.0,2,0,1,66738.3948,0,0.26635002818482906
785,Germany,Female,64,1,0.0,2,1,0,36542.2752,1,0.9205968804638027
579,Germany,Male,46,9,171699.63277499998,1,1,1,49333.957200000004,1,0.6164742177864897
695,France,Male,53,1,132806.90475,1,1,1,81924.43680000001,0,0.49058233824824177
670,Germany,Female,55,9,138770.42755,1,1,0,126296.66610000002,1,0.9180473120965726
621,France,Male,44,6,0.0,2,1,1,80293.78530000002,0,0.26974467508358163
710,Spain,Female,37,2,178905.10209999996,1,1,0,115182.1215,1,0.5969406377394112
492,Germany,Female,59,2,200027.39762499998,2,1,1,135462.73140000002,1,0.8940369821399812
530,France,Male,35,9,214986.02319999997,1,1,0,51944.5143,0,0.4783065328746911
658,France,Male,54,2,222704.15964999996,1,1,1,11484.7713,1,0.5613788540435375
631,France,Male,43,7,0.0,1,1,1,47014.8462,0,0.2572002991895022
636,Germany,Female,42,8,0.0,2,1,0,112229.92259999999,1,0.749556619471457
661,France,Female,41,3,179949.69194999998,2,1,0,53110.00710000001,1,0.6446709314180524
666,France,Female,44,9,153273.94119999997,1,1,1,20326.974299999998,0,0.47041057268273595
772,France,Female,45,9,0.0,1,0,1,20613.131100000002,0,0.37017762804687443
766,Germany,Female,38,4,119946.49154999998,1,0,1,17493.732,1,0.5224673932930409
616,France,Male,47,9,0.0,1,1,0,90163.4976,1,0.5400319707278048
591,France,Female,48,2,188177.57279999997,1,0,1,96907.46850000002,1,0.6055440509522195
599,Spain,Male,43,4,68361.20202499999,1,1,0,90414.4356,1,0.5262895297521367
642,Germany,Male,50,8,144443.225175,1,1,0,42790.28310000001,1,0.8169587919811646
662,Spain,Male,30,9,138212.848325,2,0,0,59217.0993,0,0.3184596509328441
594,Germany,Male,51,2,162066.62212499997,2,1,1,34060.6944,1,0.6745771883519562
560,France,Male,34,1,153521.5132,1,1,0,72685.107,0,0.41622146806807264
659,France,Male,39,6,162921.57869999998,1,1,1,46146.84210000001,0,0.277479433706587
673,France,Male,69,0,235481.78434999994,2,0,1,17061.6051,1,0.7904718712112987
718,France,Male,58,9,0.0,2,1,1,58405.560300000005,0,0.47298147022086046
625,France,Male,59,6,229367.65524999995,1,1,0,134120.5533,1,0.8385068657754572
615,Spain,Male,51,4,0.0,1,0,1,120915.9576,0,0.4162910410134827
577,Germany,Female,45,4,143035.635525,1,1,0,85380.30990000001,1,0.8540967478391892
607,Germany,Male,50,5,119811.29237499999,1,0,1,147094.58250000002,1,0.6696672831959075
758,Spain,Male,71,2,0.0,2,1,1,35625.752100000005,1,0.690210575499607
641,France,Male,41,9,148774.62427499998,1,1,1,26107.595999999998,0,0.30033239875217765
692,France,Male,43,9,0.0,1,1,0,91939.8033,0,0.4483182524106306
634,Germany,Male,48,2,196299.40237499995,1,1,1,45405.133200000004,1,0.6491322370042816
646,France,Female,47,7,127698.82784999999,1,0,0,132376.0158,1,0.74134030396126
640,France,Male,55,1,0.0,1,1,1,8835.747299999999,0,0.43944759882887596
477,Germany,Male,44,8,185096.50487499996,2,1,1,153799.4223,1,0.6267964981519984
759,Germany,Male,52,4,139418.18804999997,1,0,1,98341.3386,1,0.6672442653344918
714,France,Female,41,4,165536.34634999995,1,1,1,86375.8809,0,0.4255215960242373
838,France,Female,44,8,0.0,2,1,0,22252.3767,1,0.5328665296551631
737,Germany,Female,55,2,131151.888575,2,1,1,63707.269499999995,1,0.7926243604359676
742,Germany,Female,31,1,151151.80479999998,1,1,0,25531.524,1,0.6338418811200794
592,Germany,Female,51,2,183476.95814999996,1,1,0,72916.79940000002,1,0.9068683395622369
420,Germany,Female,44,1,179264.74274999998,1,0,0,121071.61530000002,1,0.8821022453776587
539,Spain,Male,49,2,0.0,2,1,1,39033.85140000001,0,0.3667289178734257
550,Germany,Male,43,4,156585.203475,1,0,1,11339.7084,1,0.5596827736966039
594,France,Female,40,10,0.0,2,1,1,100498.08510000001,0,0.3310528885204101
568,Spain,Male,37,5,167714.12032499997,2,0,1,96104.97720000001,0,0.28335473993470284
729,Spain,Male,41,8,218041.64622499995,2,1,1,7749.5859,0,0.31377032848950553
507,Germany,Male,56,6,122706.41679999998,1,1,1,41653.674900000005,1,0.7569284972821232
663,Germany,Female,39,4,135840.12462499997,2,0,0,17148.356100000005,1,0.7585225586773718
524,Germany,Male,39,9,190820.35099999997,2,1,0,25971.273,1,0.7088761720900453
705,Germany,Female,60,4,101919.65274999998,2,0,1,117579.00060000001,1,0.8499299652597534
757,Germany,Male,41,1,168381.17609999998,3,1,0,132167.9592,1,0.6828205031711425
614,France,Female,51,3,163295.74039999995,1,1,1,145174.29119999998,1,0.6392165700075587
703,France,Male,42,1,166219.45727499996,1,1,1,45559.8432,0,0.31355652624220587
633,Germany,Male,39,6,155277.83287499996,1,0,0,24574.5414,1,0.6792361683746112
534,France,Male,46,4,158750.2021,1,1,0,29383.511400000003,1,0.6299336331207386
670,France,Female,41,2,76083.50434999997,1,1,1,147333.5811,0,0.39324777766528307
596,France,Male,49,9,0.0,1,1,0,39660.507900000004,1,0.5700154518032079
763,Germany,Male,42,9,212499.84222499997,1,1,0,25017.9435,1,0.7215319554214268
607,France,Female,58,4,148213.71235,3,1,0,140590.323,1,0.8613173369938336
690,France,Female,45,9,142756.37642499997,2,0,0,39267.5607,1,0.6845515212896315
593,Spain,Female,56,2,101300.57727499997,1,1,1,44107.51320000001,1,0.6781560725884693
614,Spain,Female,49,6,0.0,2,1,1,132855.37380000003,0,0.4973410116223637
682,Germany,Male,50,4,0.0,2,1,1,114004.18710000001,1,0.5530346240867775
592,Germany,Male,65,8,113530.58117499997,2,1,1,104423.9202,1,0.8427989763570682
728,Germany,Male,47,0,0.0,2,1,1,58485.07800000001,0,0.4740993117291426
688,France,Female,42,5,0.0,2,0,1,143862.29369999998,0,0.35446948786489496
641,France,Male,51,6,0.0,2,1,0,52971.399900000004,1,0.5844037339909619
590,Spain,Female,39,2,220765.93009999997,2,1,0,99215.0613,1,0.6712121636304831
679,France,Male,50,1,0.0,1,1,1,13686.723899999999,0,0.3449994287072228
650,France,Female,74,7,187832.50609999994,1,1,0,26142.822900000003,1,0.9539482790677102
677,France,Female,34,0,196124.88527499998,2,0,0,148160.29950000002,1,0.5556114576926563
470,Germany,Male,40,4,165821.67572499998,1,1,0,55318.0833,1,0.7355954847771462
627,Germany,Female,43,4,110030.74362499999,1,0,0,129061.2933,1,0.8246526535275323
748,Germany,Male,46,4,187231.01987499994,1,1,0,66548.0934,1,0.7726334255675327
655,France,Female,36,7,140447.51625,1,0,1,25936.5402,0,0.33480178368628016
625,France,Female,46,3,0.0,2,1,0,33449.030999999995,1,0.6247766907052449
641,France,Male,60,6,203123.740425,2,1,1,106037.73180000001,1,0.6649105332351087
631,Spain,Male,48,7,0.0,2,1,0,147100.7385,1,0.5643485007441452
629,France,Female,59,4,0.0,2,1,1,159031.7388,1,0.6625053443957192
728,Spain,Female,53,5,0.0,1,1,1,97271.4177,1,0.5424259257228585
552,Germany,Female,52,8,136696.43014999997,1,0,1,151364.3598,1,0.8161672246274532
686,Germany,Female,37,1,152214.30129999996,2,0,0,63684.19260000001,1,0.7420878517559192
623,Spain,Male,51,2,188340.04192499997,1,1,0,23310.9738,1,0.7124917751514074
685,Spain,Male,33,5,218083.46367499998,1,0,0,114333.3468,0,0.43281577650811287
554,Spain,Male,52,1,0.0,2,0,1,148629.24899999998,0,0.44396862090790895
795,Germany,Female,66,9,124776.47314999998,1,1,0,23683.8249,1,0.9502102871713906
810,France,Female,48,9,202562.259825,1,1,1,75541.9689,1,0.5477709420687714
532,Germany,Male,62,3,146522.38032499998,1,1,0,120450.8637,1,0.9274083320501862
676,Germany,Male,39,4,186103.42992499997,1,1,0,29339.1558,1,0.6815042851223476
815,Germany,Female,48,2,63991.80749999999,1,1,0,149685.4404,1,0.8288895540723845
680,Spain,Male,45,9,0.0,2,0,0,116456.9886,0,0.4978299571124326
729,France,Male,44,3,201421.77549999996,1,1,0,9824.2389,1,0.5676315978786624
825,Germany,Female,45,6,156500.61637499998,1,1,0,21337.287300000004,1,0.8149078673919707
667,Spain,Male,41,5,0.0,2,1,1,16480.818900000002,0,0.21805055471178747
821,Spain,Female,48,8,0.0,2,0,1,102255.534,0,0.4247856143614206
819,France,Female,48,10,0.0,2,1,0,24703.947000000004,1,0.609143276318727
631,Germany,Female,43,4,162993.76075,1,0,0,91276.93170000002,1,0.8386921731292297
765,Germany,Male,46,8,122080.68914999998,2,1,1,59068.89360000001,1,0.5269807730237258
692,Germany,Male,55,6,201412.55767499993,4,0,1,87513.0966,1,0.7305560789594377
570,France,Female,39,0,0.0,1,1,0,30044.8683,1,0.5264127351986543
686,Spain,Female,46,5,0.0,2,1,1,123913.10340000002,0,0.42254707156461374
731,Germany,Female,40,5,0.0,2,1,0,153518.26320000002,1,0.7077185323538443
616,Germany,Female,67,7,154648.93122499998,1,1,1,84547.2816,1,0.9215747895959883
674,Spain,Male,42,2,0.0,2,1,0,113869.12770000001,0,0.43733441093363357
756,Germany,Male,42,0,144850.99159999998,2,1,1,45502.8111,0,0.4678109265716243
505,Germany,Female,35,5,151120.55412499997,2,1,1,102649.8987,1,0.5588348235177834
742,Germany,Female,39,4,0.0,2,1,1,145853.93790000002,0,0.47884589225014224
738,Spain,Male,41,9,104503.68549999998,1,1,1,15071.0463,0,0.2623880082199447
765,France,Female,66,1,0.0,1,1,0,10715.4333,1,0.8612643567895223
655,Spain,Female,39,9,0.0,2,0,1,69446.3706,0,0.30966772229094053
664,France,Female,51,5,0.0,1,1,1,123164.0073,1,0.5191321333204442
523,France,Male,40,1,110007.25602499998,1,1,1,111923.1918,0,0.30510961225461464
840,Germany,Female,61,1,116088.82517499999,1,0,1,29716.559100000006,1,0.8410411541530937
597,Germany,Female,50,9,141184.82322499997,2,1,0,122446.0314,1,0.8899865400969631
702,Germany,Female,33,7,130630.24167499998,1,1,0,92829.20760000001,1,0.6781588885695758
709,Germany,Female,44,2,147683.15179999996,1,1,0,46194.024600000004,1,0.8220409709673849
581,Germany,Male,60,2,190214.11699999997,2,1,0,146791.6344,1,0.9198545130255988
682,France,Male,51,6,0.0,2,0,1,108668.05290000001,0,0.3761531000303506
651,Germany,Male,51,1,119313.45047499999,1,1,0,141213.52080000003,1,0.82832126519826
706,Spain,Female,47,7,0.0,2,1,1,89828.433,0,0.4280099113361354
626,France,Male,43,8,0.0,2,1,0,112188.4668,0,0.4585280663852809
591,France,Male,34,6,194883.59999999998,1,1,1,20501.7642,0,0.23438192018639548
643,Germany,Female,44,7,212163.477575,1,0,1,152711.8191,1,0.733680272247375
696,Germany,Female,41,8,161373.98919999998,2,1,0,27401.1984,1,0.7867035168973593
846,France,Female,51,5,0.0,3,1,0,2786.7807,1,0.6368733650033467
730,Germany,Male,48,0,51376.731275,2,0,0,76142.5191,1,0.7348048720006618
781,Spain,Male,43,3,0.0,2,1,1,34470.6273,0,0.2243012545452032
681,France,Male,46,5,187731.61257499998,1,1,1,149966.7048,0,0.4201729237698903
606,Spain,Male,46,0,124518.08309999997,1,0,1,97311.9987,0,0.4040518803419098
608,Germany,Female,73,3,184528.33242499997,2,1,1,142313.8896,1,0.9518193712402105
520,France,Male,44,4,177225.44774999996,1,1,1,156499.3791,0,0.42162288394054726
613,France,Male,30,3,0.0,2,1,1,121187.15369999998,0,0.12321290744947556
708,Spain,Male,43,3,0.0,2,1,0,112276.7001,0,0.44595874121206175
496,Germany,Female,51,1,232791.80612499994,2,1,0,147693.76380000002,1,0.9258706838770147
767,Spain,Female,34,5,0.0,2,1,1,54631.13850000001,0,0.21017809168095378
704,France,Female,55,6,0.0,1,1,1,111568.95450000002,1,0.5774956303225613
712,France,Male,44,1,0.0,2,1,1,157992.2172,0,0.2632424933316669
611,Germany,Male,74,9,0.0,2,1,1,43154.491500000004,1,0.8764899344018725
556,Germany,Male,43,3,164272.16859999998,2,1,0,50728.315500000004,1,0.748781290515017
571,France,Male,54,9,0.0,2,0,0,31131.0135,1,0.6550584266581131
793,France,Male,73,4,137182.64727499997,2,1,1,65020.36860000001,1,0.77739196725352
680,Spain,Male,46,7,0.0,2,1,0,16288.4601,0,0.4870663462581489
514,France,Female,51,7,0.0,2,1,1,3042.8865,1,0.5218484692028457
850,Spain,Male,59,8,0.0,1,0,0,20952.8127,1,0.6857295687279287
717,France,Male,38,4,169553.47977499996,1,1,1,43960.4172,0,0.2540287173825802
788,France,Male,65,3,0.0,1,0,1,10763.6526,1,0.5861252296954317
850,Spain,Male,72,5,0.0,2,1,1,145997.2836,1,0.7053824556469227
738,Germany,Male,59,3,0.0,3,1,1,52703.8488,1,0.668356285393912
753,Germany,Male,56,8,0.0,3,1,0,73505.83140000001,1,0.7970774432431408
649,France,Female,46,2,0.0,2,0,1,60778.7388,0,0.41479641336662937
602,France,Female,73,7,0.0,2,1,1,45621.8001,1,0.834124617842396
586,Germany,Female,48,6,0.0,2,1,1,30728.022300000004,1,0.6528721308113057
752,Germany,Male,40,4,107814.67005,1,1,1,29877.5385,0,0.4184168296795127
573,Spain,Male,60,0,210679.63257499997,1,0,1,126291.34439999999,1,0.7118233276198135
635,Spain,Male,48,0,136557.56764999998,1,0,0,128259.15030000002,1,0.6593626160360092
759,Germany,Male,41,4,130795.13097499998,1,1,1,38744.584200000005,0,0.4508307355392399
712,Spain,Female,54,2,0.0,2,0,0,37048.5414,1,0.743134132746172
688,Germany,Male,47,7,182719.78722499998,2,1,1,92280.3111,1,0.6102154287501559
695,France,Male,46,4,213627.39249999996,1,1,0,81762.1371,1,0.6336259854770477
593,Germany,Female,42,3,0.0,2,1,1,123102.4716,1,0.5671826630197346
528,Germany,Male,42,2,131049.76512499998,1,0,1,90031.4838,1,0.5479111814645238
817,France,Male,69,1,157328.01205,1,1,1,97863.8598,1,0.743049961699376
607,Spain,Female,72,8,142836.1364,1,1,1,18943.2837,1,0.8779490146027253
739,France,Male,39,1,0.0,2,1,1,133232.6718,0,0.19156926536520497
662,France,Female,39,10,0.0,2,1,0,111381.7311,1,0.5097550768349489
509,France,Female,56,1,0.0,1,1,0,57708.117900000005,1,0.8054128781208941
432,Germany,Female,55,3,145764.81264999998,1,1,0,34867.827,1,0.9311812985260264
748,Spain,Female,50,4,0.0,2,1,0,107218.46070000001,1,0.6839436321353167
617,Germany,Female,47,4,154033.46617499998,2,1,0,142013.0394,1,0.8698822496988601
614,France,Male,48,2,153739.1438,1,1,0,85164.1452,1,0.6512524684665998
819,Germany,Male,45,1,0.0,2,0,1,2741.8824,0,0.40933083925960173
546,France,Female,37,8,0.0,2,1,1,12035.061000000002,0,0.2795433861758053
834,Spain,Male,50,7,0.0,2,0,0,36481.379400000005,1,0.5288380029581891
634,Germany,Male,54,9,198323.56797499995,1,1,0,46268.42310000001,1,0.8739426852693959
604,France,Male,36,8,197769.98269999996,2,0,1,160308.3312,0,0.28033526628020344
633,Germany,Male,53,5,0.0,2,1,1,39082.4028,1,0.6027384176878584
562,Germany,Female,37,3,0.0,2,1,0,22790.994300000002,1,0.6756153181890127
703,France,Female,55,7,0.0,2,1,1,55753.6932,1,0.5545929312983223
618,Germany,Male,54,5,208896.58517499993,2,0,0,112831.1451,1,0.8824622497872489
702,Germany,Female,39,6,197341.320775,1,1,1,7802.7381000000005,1,0.5982459944901535
604,France,Female,44,7,0.0,2,1,0,156347.4069,1,0.6220652991712694
450,France,Male,39,7,154996.73549999998,1,1,1,35219.3103,0,0.31806487593458294
758,Spain,Male,50,3,0.0,2,0,0,77839.0965,1,0.5572489563141494
630,France,Male,60,1,108375.91259999997,1,0,1,51521.0382,1,0.6159749057655526
655,France,Female,51,5,0.0,1,0,0,29603.880000000005,1,0.7127393286120955
626,France,Female,54,2,0.0,1,0,1,140224.94819999998,1,0.5920330158261957
525,Spain,Female,35,10,0.0,2,1,0,56183.1795,0,0.4725172265783584
695,Spain,Female,45,7,105612.37692499999,2,1,1,103661.90460000001,0,0.4660773230947989
700,Germany,Female,42,8,146695.86587499996,2,1,1,131095.1061,1,0.6335383804158449
553,France,Male,48,3,132044.58929999996,1,0,0,152211.717,1,0.6723857557480055
544,France,Female,55,6,0.0,2,0,1,122635.07729999999,1,0.6161762931234944
850,France,Female,48,0,141284.910025,1,0,1,120671.9532,1,0.5122159286278534
701,France,Male,33,3,0.0,2,1,0,31558.077899999997,0,0.2609946124577019
687,Spain,Female,49,2,0.0,3,0,0,152401.986,1,0.6863491185319057
560,Germany,Female,43,9,0.0,1,0,1,148520.1501,1,0.6170187272985735
612,Spain,Female,72,0,220892.69172499992,2,1,1,156242.5605,1,0.9036189422648472
768,France,Female,36,5,67601.25385,1,1,1,57068.37989999999,0,0.2694681173663697
576,France,Male,42,7,0.0,2,1,0,3775.3371000000006,0,0.4304454956425157
566,Germany,Female,54,5,187039.83927499998,2,0,0,55411.07940000001,1,0.9238616647210011
637,France,Male,42,5,0.0,1,0,0,120502.95479999999,0,0.4570330745710725
653,Germany,Male,40,4,0.0,2,1,0,97796.1924,1,0.5956287414891475
774,Spain,Female,46,8,154933.91674999997,1,0,0,82480.99590000001,1,0.7134943192388249
683,Spain,Male,51,0,196871.542325,1,1,1,132768.16920000003,1,0.5204048147806114
544,Germany,Male,54,2,144014.86742499997,1,0,0,56074.842,1,0.8722918103678738
752,France,Male,43,4,0.0,2,1,1,32052.3318,0,0.2224097563896109
715,France,Male,31,8,0.0,2,1,0,55619.97030000001,0,0.23590302508954236
500,France,Female,44,6,0.0,1,1,1,113617.44450000001,0,0.43542829520672394
817,Germany,Male,54,8,0.0,1,0,0,53056.5471,1,0.7784755502940518
677,Germany,Female,59,3,0.0,2,1,1,152127.4851,1,0.806956142257169
800,France,Female,59,7,142839.73359999998,1,0,0,38171.339100000005,1,0.84679894414609
560,France,Female,54,5,189441.47282499998,1,1,0,79915.62870000002,1,0.850191669674248
792,France,Male,60,9,0.0,4,1,1,157707.6561,0,0.4876283173465055
525,Germany,Female,57,1,156170.95679999999,1,1,0,71377.8318,1,0.9374338394233913
566,Germany,Male,73,2,159741.04554999998,2,1,1,42281.0604,1,0.9125218972849264
708,Germany,Male,48,8,131775.07702499998,1,1,0,10067.6682,1,0.7720156698156377
567,Germany,Male,50,7,161695.77989999996,1,1,0,112227.7194,1,0.8430089484122272
536,Spain,Male,63,2,190339.43709999995,1,1,0,1636.0218,1,0.8642857307210973
778,France,Female,43,9,200719.30317499998,2,0,0,146002.4514,1,0.6857054741549865
771,Germany,Male,37,2,0.0,2,1,1,161617.1454,0,0.31459913524773225
828,France,Male,41,9,0.0,1,0,1,133048.46970000002,0,0.21203040054825156
526,Spain,Female,46,5,120522.30804999998,1,0,0,47070.4851,1,0.7418208296792353
639,France,Female,45,8,0.0,1,0,0,133207.72380000004,1,0.6424791993588227
671,Germany,Male,38,8,158514.2152,2,1,0,101592.3546,1,0.6551728018385446
727,Spain,Female,41,0,0.0,1,1,0,98618.34240000001,1,0.5454038519362351
564,France,Male,41,4,0.0,2,1,0,43351.2243,0,0.42387622838836087
733,Spain,Male,54,3,140278.752025,1,0,1,82310.11829999999,1,0.5204257130655232
788,France,Female,43,5,0.0,2,0,0,94752.3339,1,0.5499601913589588
635,Spain,Female,39,8,182897.70315,2,1,0,114271.16310000002,1,0.6421262809805145
638,Germany,Male,34,1,0.0,2,0,1,131703.69150000002,0,0.2988182097104567
689,Germany,Male,49,7,0.0,2,0,0,12082.842900000001,1,0.7212784463298615
635,France,Male,43,1,0.0,3,0,0,144234.5373,0,0.45683968183042367
726,France,Female,52,2,144776.44227499998,1,0,1,141880.4505,1,0.6221639233317705
514,France,Male,42,8,0.0,2,1,0,77644.3158,0,0.4629328131739199
584,Spain,Female,39,4,0.0,2,1,0,71982.20520000001,1,0.5310579972412056
678,Germany,Male,46,1,155876.26412499996,2,1,0,22371.4386,1,0.75577733203198
737,France,Male,40,8,230585.98192499997,1,0,0,25862.085000000003,1,0.5237698477072649
605,Germany,Male,37,9,0.0,2,1,0,160454.3661,1,0.5697416855285959
696,Germany,Female,76,7,158037.98294999998,2,1,1,140962.113,1,0.9542717162204895
569,France,Male,45,10,164685.00019999998,1,1,1,156972.96180000002,0,0.4196136289147968
513,Spain,Female,52,10,0.0,2,0,1,59252.512500000004,1,0.5692044764326237
661,France,Male,57,5,0.0,1,0,1,86867.08110000001,0,0.49385750714874416
785,France,Female,49,1,172120.70354999998,1,1,0,132676.71210000003,1,0.7564336938575141
687,Germany,Female,37,9,201454.94379999998,2,0,0,102460.8042,1,0.7726354131164461
692,France,Male,76,4,211245.59644999995,1,1,1,95732.40149999999,1,0.8629805941146511
550,France,Female,58,6,0.0,2,1,1,155414.92680000002,1,0.6649191082373801
655,France,Male,34,9,141593.87247499998,1,1,1,42087.45420000001,0,0.20267448018065198
613,Germany,Female,50,9,126463.21609999999,2,1,1,49172.1273,1,0.7490531569610479
598,Spain,Male,37,8,119979.21019999999,2,1,0,88529.9058,0,0.44103734218673507
578,France,Male,33,10,117676.4732,1,1,1,101430.1116,0,0.20279190865010002
584,Germany,Male,45,9,0.0,2,1,0,155828.7801,1,0.7058930697016277
814,Germany,Male,39,8,128396.76399999998,2,1,1,159793.66530000002,0,0.41473239969560577
772,Germany,Male,36,7,201549.67447499998,2,1,0,64325.340000000004,1,0.6149669856894137
754,Germany,Female,65,3,213727.65122499998,1,1,0,6545.4885,1,0.9582132027503644
754,France,Female,45,4,0.0,2,1,0,36312.875100000005,1,0.575170157672738
644,Germany,Female,44,10,161605.51927499997,2,1,1,147500.76510000002,1,0.6912372382304888
585,Germany,Male,47,6,201677.04445,1,1,1,80924.90490000001,1,0.6555360631795158
691,Germany,Male,40,7,133879.01582499998,2,0,0,126788.84640000001,1,0.6787644324060748
606,Spain,Female,33,10,93127.52727499999,1,0,1,73625.7924,0,0.2913565986795648
648,France,Female,49,6,172843.99202499999,2,1,1,124703.85780000001,1,0.5876447641576721
584,France,Female,76,5,0.0,1,1,0,40138.2378,1,0.9409473329874051
545,France,Female,36,1,0.0,2,1,1,161707.2336,0,0.2906478540517632
707,Spain,Male,58,8,116964.06889999998,1,1,1,97121.592,1,0.5811175695035242
614,France,Male,56,4,0.0,1,1,0,60247.45170000001,1,0.6859460658479783
445,Germany,Female,58,7,222559.00204999995,1,1,0,13483.0737,1,0.9521598036109803
613,France,Female,39,6,245600.52279999998,2,1,1,62566.17390000001,0,0.4516878471319492
550,France,Female,32,7,183955.584125,1,1,0,105211.66140000001,1,0.5427191118052016
567,France,Male,64,9,127492.91459999999,1,0,0,42148.5849,1,0.8523441525604027
751,France,Male,39,1,179247.02124999996,1,1,0,54128.51730000001,0,0.4670638467036156
807,France,Male,45,3,231159.97337499997,1,1,1,486.2916000000001,0,0.36634111537734954
598,France,Male,38,8,171914.10259999995,2,0,1,37293.2748,0,0.27553432067690903
549,France,Female,35,5,0.0,2,0,0,154594.8099,0,0.48306414454982055
691,France,Female,44,7,0.0,2,0,1,130862.88720000001,0,0.3849752162119324
667,France,Female,34,4,0.0,2,0,1,27811.795500000004,0,0.22180856850231595
599,France,Female,51,2,120782.21897499998,1,1,0,93737.0718,1,0.7874818373514303
571,Germany,Male,43,3,95012.56587499997,1,1,0,21685.352400000003,1,0.7144784808210487
730,Spain,Female,72,2,0.0,2,1,1,131940.171,1,0.82029038011612
660,Spain,Female,43,1,0.0,2,0,0,95446.2771,1,0.5928588853095643
617,Spain,Male,48,7,0.0,1,1,1,22063.8168,0,0.33925647685915256
671,Germany,Female,58,9,154350.37684999997,2,0,0,61862.4378,1,0.9305626507623785
621,Germany,Male,57,7,141987.95102499996,1,1,1,54107.4168,1,0.7590694641052671
676,France,Male,45,5,141291.49607499997,2,1,0,68201.8218,1,0.5623595983128701
569,Germany,Female,40,3,184526.084175,1,1,1,26916.599700000002,1,0.6442306341138093
465,France,Male,43,8,0.0,2,1,0,143911.52550000002,1,0.5084296097238086
564,Germany,Female,54,3,147803.12899999996,3,1,1,84825.2007,1,0.8130514796625938
698,France,Female,50,7,138944.15115,3,1,0,87330.4011,1,0.7472957997004553
700,France,Female,42,3,0.0,1,0,0,77549.6997,1,0.5628182389586466
584,Spain,Female,58,2,281885.8495,1,1,0,60880.6125,1,0.9055489914458043
619,Germany,Female,43,3,132896.59669999997,2,0,1,29521.8594,1,0.6466785722064713
549,France,Male,60,9,125305.23509999996,2,0,1,11022.625800000002,1,0.6288411629581798
584,Germany,Female,51,3,117166.79492499998,1,1,0,144988.29090000002,1,0.8980624029673974
582,France,Female,42,4,0.0,2,1,0,48331.736099999995,1,0.5699036550433342
753,France,Male,45,3,0.0,2,1,1,149723.45369999998,0,0.26760633811398216
769,France,Female,36,7,0.0,2,1,0,143243.2593,0,0.4338910037307955
640,France,Female,30,4,0.0,2,0,1,63431.76420000001,0,0.18492361449682004
514,France,Male,55,1,236499.75227499998,1,1,0,48903.895800000006,1,0.8050952548856206
524,Germany,Male,39,7,0.0,2,1,1,85413.47940000001,0,0.3933893416142645
529,France,Male,42,9,195060.66952499998,1,1,0,27261.643500000002,1,0.5854558758174654
635,France,Male,51,4,136938.10379999998,2,1,0,156934.70549999998,1,0.6882986500465615
561,Germany,Male,59,5,125312.16499999998,1,1,1,21619.9611,1,0.7829253028437955
548,France,Female,39,4,0.0,2,0,1,39425.2758,0,0.3191930809524607
682,France,Male,60,6,161105.4159,2,0,1,100562.6097,1,0.635012095403865
758,Germany,Male,78,6,148908.01162499998,1,1,0,29051.006400000006,1,0.967291372788078
810,France,Female,61,5,0.0,2,0,1,149465.0394,1,0.6555462106280253
610,France,Female,45,7,108320.61887499997,1,1,1,49914.78390000001,0,0.48027952049565903
546,France,Male,39,5,0.0,1,1,1,76807.3995,0,0.22562291496360415
626,France,Female,39,4,139877.22779999996,2,0,0,33294.904200000004,1,0.5974309741665267
741,Germany,Male,46,8,154723.81117499998,2,1,0,136741.13820000002,1,0.7620603798634762
671,Spain,Female,52,3,0.0,2,1,1,104043.9573,1,0.5292593931028073
661,Germany,Male,47,7,145353.40934999997,2,1,0,93180.5127,1,0.7787908240285583
655,France,Male,37,10,0.0,2,1,0,41812.96140000001,0,0.3341580344441577
568,Germany,Female,41,1,81455.60514999999,2,1,1,50055.2784,1,0.5918270388443279
611,France,Female,53,8,85827.27437499998,1,1,0,93147.0273,1,0.7947928909233614
617,Spain,Male,71,3,150578.46137499996,1,1,1,30884.668200000004,1,0.7999684439171111
772,Germany,Male,44,7,147545.91597499998,1,1,1,98069.31629999999,1,0.5255456990952452
670,Spain,Male,40,3,176482.78465,1,0,0,2555.5095,1,0.5107416615569274
774,France,Male,46,7,137127.631275,1,0,1,96367.1094,0,0.3607717385881972
605,Germany,Male,29,8,219711.26279999997,1,1,1,87475.9419,0,0.34965085153415315
766,Germany,Female,38,3,82944.34339999998,2,1,1,10677.7683,0,0.47862775768817983
505,Germany,Female,47,10,161945.37532499997,2,1,1,42682.1319,1,0.7465482959729401
770,Germany,Male,47,5,187196.25134999998,2,0,1,146064.7323,1,0.6091750299496634
681,France,Female,28,1,130787.83077499998,1,1,1,7773.084000000001,0,0.2038783997465691
699,Germany,Female,64,3,146809.8257,1,1,1,126283.68990000001,1,0.897719370119929
622,Germany,Female,38,1,189282.32317499997,2,1,0,66196.278,1,0.7806633464587426
744,Spain,Female,36,5,219928.95952499998,1,1,1,147172.4964,0,0.38772904807694464
688,France,Female,42,6,162876.38887499998,1,1,0,139750.29630000002,1,0.6722926955703191
613,Germany,Male,40,9,148024.05262499998,1,1,1,142394.6547,1,0.5064136419157256
521,France,Male,40,2,141925.52902499997,1,1,0,52082.8542,1,0.5220578400809895
674,France,Male,36,6,219876.15209999995,1,1,1,120989.22210000001,0,0.27369147964069584
701,Spain,Female,45,9,0.0,2,0,0,138507.4566,1,0.6269832542592445
671,France,Male,55,2,140683.38412499998,1,0,1,128194.3422,1,0.5547608896725433
730,France,Male,44,1,0.0,2,1,1,102539.5281,0,0.2503399364139606
713,Germany,Female,35,4,160251.252825,1,1,1,45577.8738,1,0.5083512226684925
652,Germany,Female,47,4,121945.79414999997,1,0,1,160136.83800000002,1,0.7290547739400142
691,Germany,Male,47,9,197588.35054999994,1,1,1,118593.39600000001,1,0.6351538221668895
661,Spain,Female,52,9,99665.50439999999,1,1,0,22362.5772,1,0.7762614928264749
585,France,Male,66,4,182805.45877499995,2,1,1,44783.1504,1,0.7445551452877021
605,Germany,Female,66,1,98035.84054999998,2,1,1,50381.821800000005,1,0.8980860820749215
667,Germany,Male,46,8,184823.805375,1,1,0,64695.63960000001,1,0.7866685237627863
834,Spain,Male,43,5,0.0,2,1,0,53690.9958,0,0.4009471822899881
612,France,Female,53,4,184483.922875,2,1,1,62473.866299999994,1,0.6582355361593958
574,France,Male,44,1,148876.98577499998,1,0,0,134157.546,1,0.6070462750045199
724,France,Female,44,2,0.0,2,1,1,96279.33780000001,0,0.36264873325470676
727,Spain,Female,67,1,145051.42969999998,1,0,1,610.2297,1,0.8169127423080235
633,Germany,Male,52,10,0.0,1,0,1,64320.6177,1,0.6090131843449682
651,Spain,Male,48,2,0.0,3,1,0,54294.15420000001,1,0.5266035798027329
636,Germany,Female,43,0,0.0,1,1,0,74744.7507,1,0.7642657175643408
589,France,Female,31,3,0.0,2,0,1,45037.1664,0,0.20205905874735644
738,France,Male,43,4,122564.40674999998,1,1,0,85712.28030000001,1,0.5131463531233786
649,Germany,Female,51,4,153274.74792499997,1,1,0,116271.02880000001,1,0.8980524673925601
673,Spain,Male,53,8,168133.3396,1,0,1,4867.508700000001,1,0.5205801103643347
690,Spain,Female,40,5,0.0,2,0,1,63747.024300000005,0,0.3154079274661771
557,Germany,Female,50,4,0.0,2,0,1,85401.1593,1,0.7066866918056821
664,France,Male,56,2,0.0,1,1,1,143712.6462,0,0.48032613919894557
561,Germany,Female,55,2,222292.91504999995,2,0,1,93732.4548,1,0.8603772299872359
587,Spain,Male,72,7,160401.09207499996,1,0,1,5489.3052,1,0.8209530889244439
735,France,Male,41,3,158115.91787499998,1,0,0,59071.4208,1,0.5016119108724509
630,Germany,Female,44,9,141424.24862499998,2,1,0,112002.7581,1,0.8340474811939199
780,Germany,Female,47,10,125897.05384999997,1,1,0,102311.41589999999,1,0.8413701922971396
662,Spain,Female,40,9,0.0,2,0,1,127886.71229999998,0,0.334884268602174
640,Spain,Male,53,9,228102.35337499995,1,1,0,154778.364,1,0.7783959473580496
568,Germany,Male,53,5,115867.71639999998,4,1,1,86795.874,1,0.6761752154656162
475,France,Female,42,8,157408.2878,1,1,0,81661.1949,1,0.7074757432174136
725,France,Female,41,6,0.0,1,0,0,49674.4083,1,0.5328706142285611
700,France,Female,47,7,0.0,2,1,0,13803.064199999999,1,0.6194901227071156
632,Spain,Male,57,3,0.0,2,1,0,144846.0792,1,0.7112003155933208
628,Germany,Male,41,0,116937.84372499997,1,0,0,58603.8807,1,0.6953913104455545
617,Spain,Male,71,7,120440.64367499997,1,1,1,82490.21370000001,1,0.7950600023802998
727,Germany,Female,41,10,128278.65152499998,2,0,0,62057.3724,1,0.7762606539241242
790,Spain,Male,30,8,0.0,2,1,0,136203.7356,0,0.22850586615445
660,Germany,Male,49,9,178007.61392499998,2,1,0,148307.6547,1,0.8231877701423852
772,France,Male,44,9,0.0,2,1,0,138494.4966,0,0.44352876176226974
671,Germany,Male,55,6,131673.68094999998,1,1,1,88186.6845,1,0.7215572868110015
523,France,Male,46,8,209419.22394999996,2,1,0,125796.6693,1,0.6716988299330239
585,France,Male,46,7,0.0,2,1,0,76369.30290000001,1,0.5154370067427684
750,France,Female,45,3,0.0,1,1,0,155131.605,1,0.6121878585492494
625,France,Female,48,7,0.0,1,1,0,133491.2562,1,0.687925125035462
834,Spain,Male,48,8,0.0,2,1,1,53853.0606,0,0.285605410291946
660,Germany,Male,45,8,77553.29117499999,1,0,1,160926.0048,1,0.5484085251567322
569,Germany,Male,40,6,141017.50052499998,1,0,1,35733.0528,0,0.4964276395817171
756,Germany,Male,37,8,0.0,2,1,1,127925.52750000001,0,0.3126633067445379
581,France,Male,47,7,0.0,2,1,1,60199.8075,0,0.3199943576556955
626,France,Female,62,0,0.0,2,1,0,26049.1626,1,0.8392614145262779
680,Germany,Male,54,0,171891.65977499995,2,1,1,27047.017799999998,1,0.7049481426269064
521,France,Female,49,6,0.0,2,0,1,22173.8715,0,0.49454178374408053
732,Germany,Male,52,9,143819.33579999997,2,1,1,52911.7191,1,0.6518938567202068
743,Germany,Male,69,5,143604.12537499997,1,1,1,155623.0482,1,0.8778990439763911
717,Germany,Female,59,1,146618.14255,2,1,1,100871.649,1,0.8484143166115341
663,Germany,Female,56,6,126218.60649999997,1,1,1,17041.2498,1,0.8157515147085398
462,France,Male,49,4,185325.99829999998,2,0,0,106356.60450000002,1,0.7193384973189126
629,France,Male,45,1,227695.30109999992,1,1,1,129419.6697,0,0.43648491488973573
655,France,Male,47,4,0.0,2,1,1,115356.9357,0,0.31279651898800587
685,France,Male,50,2,222181.77214999995,2,1,1,135594.2349,0,0.497548996390215
714,France,Male,50,9,61523.612525,1,1,1,78316.67250000002,0,0.3877837484023967
658,Spain,Female,41,2,48359.80459999999,1,1,0,83952.4338,1,0.5915156900896421
688,Spain,Male,42,6,164227.12424999996,1,1,1,112394.9115,0,0.33844661973675416
750,Spain,Female,46,8,149363.24257499998,1,0,1,7983.206099999999,0,0.4952244973856675
727,France,Female,39,1,193947.283225,1,1,1,140523.97590000002,0,0.41598189782297096
537,Germany,Male,52,1,252027.80667499997,1,0,1,102995.388,1,0.7734245368044632
621,France,Male,41,7,180731.01172499996,1,1,1,120438.1953,0,0.34062706384130575
789,Germany,Male,37,6,0.0,2,1,0,83918.9565,1,0.5037376003075104
690,Germany,Male,59,8,154233.56042499997,1,0,1,41319.1449,1,0.7799704574075516
708,France,Male,51,0,0.0,1,1,0,104004.5022,1,0.5880019775621488
604,Spain,Male,53,2,191870.5747,1,1,1,19344.1122,1,0.5497972688635773
751,France,Male,40,3,218552.64699999997,1,0,0,109205.8605,1,0.5294592246916833
487,Germany,Male,54,6,81586.942625,1,1,1,43001.2638,1,0.7125140512693868
438,France,Male,48,2,0.0,2,1,0,110856.2355,1,0.5961976172592632
755,Germany,Female,43,6,119765.99674999999,2,1,1,34512.2289,1,0.599886025297491
751,Spain,Male,43,4,104849.92922499999,1,1,0,95213.6856,1,0.5103771767727937
648,France,Male,36,9,215466.79162499998,1,1,0,79678.27440000001,0,0.471115070879749
526,France,Female,46,0,0.0,2,1,0,79191.78030000001,1,0.6578124110395784
579,Germany,Male,52,0,190950.90819999998,1,1,1,18222.651,1,0.7156940727286518
733,Germany,Male,58,7,113623.27519999999,1,1,1,19327.005,1,0.7302199442288303
574,Spain,Male,46,4,103112.01874999999,1,1,0,135324.22950000002,1,0.6171658004555509
598,Spain,Male,44,0,138185.60482499996,1,0,1,35032.2327,0,0.3675084568152535
695,France,Male,56,4,0.0,2,1,1,111405.14820000001,0,0.453875121432304
524,France,Male,42,1,191598.12647499997,1,0,0,152069.43240000002,1,0.615606461983888
567,France,Male,46,7,0.0,2,0,1,3155.8248000000003,0,0.3027439987587452
538,Germany,Female,38,6,217373.29439999998,1,0,1,4616.1657000000005,1,0.6404322406903099
757,France,Male,57,3,172913.03975,1,1,0,116501.92740000002,1,0.7681052897840305
530,France,Female,43,4,171008.9307,1,1,1,140073.52680000002,1,0.5254547105514786
814,France,Female,46,6,0.0,2,1,1,79912.17809999999,0,0.3710915949947379
637,France,Male,50,8,165935.14622499997,1,1,1,141374.29770000002,0,0.4878103861454798
762,France,Male,46,5,158101.51585,1,1,1,34581.8565,0,0.35747752106201786
767,Spain,Male,57,2,0.0,1,1,0,39010.5558,1,0.6704230552691657
727,Germany,Male,46,6,185703.87622499999,1,1,1,91557.32130000001,1,0.5956127987527062
584,France,Female,51,3,0.0,2,1,1,129677.3388,1,0.5299770447555202
780,France,Female,36,3,185621.73574999996,1,1,0,94886.76150000001,1,0.5512407556925867
716,Germany,Male,52,8,0.0,2,1,0,146448.34020000004,1,0.773743834470322
449,Germany,Female,41,1,150358.9925,1,0,0,67064.99489999999,1,0.8379669076281553
610,Spain,Female,55,3,0.0,1,1,0,31004.240399999995,1,0.7788622968022155
619,Germany,Male,39,4,130869.13807499997,1,0,1,106687.1331,0,0.4735799353363455
758,France,Female,49,6,168430.63759999996,1,0,1,45827.37,1,0.5569910636356463
704,Germany,Female,49,1,164837.07447499997,1,1,0,94374.00720000001,1,0.8788520989282572
740,Spain,Female,66,4,131056.218925,1,1,1,68863.47839999999,1,0.8035489720048631
670,Spain,Female,75,1,0.0,1,1,1,143901.1008,1,0.8646817071932124
603,Germany,Male,45,1,163206.67002499997,1,1,0,123558.93090000004,1,0.7844106973236803
593,Germany,Female,58,3,177086.87619999997,2,1,1,69580.9359,1,0.8624995693494558
578,Germany,Female,48,4,149641.4569,2,1,0,143137.1979,1,0.8811400236788642
709,Germany,Female,49,9,164947.38419999994,1,1,0,59649.9066,1,0.8756681511384895
752,France,Male,49,3,0.0,1,1,0,152431.5105,1,0.5520442040777435
779,Germany,Male,43,1,209559.06509999998,1,1,1,159570.7452,1,0.5580147520003758
648,Germany,Female,47,7,183170.89197499998,2,1,0,46344.8385,1,0.865432661046205
469,Germany,Female,62,8,184479.82312499997,3,0,0,121575.58920000002,1,0.9601871858109894
633,Germany,Male,60,7,116780.25462499997,1,1,1,158709.09960000002,1,0.7984404680675387
817,Germany,Female,37,7,171674.51849999998,1,1,1,48000.146400000005,1,0.5250050258936356
615,France,Male,69,8,0.0,2,1,1,134117.0055,1,0.7026073736271021
576,France,Female,60,8,0.0,2,1,1,46820.1222,1,0.6700232284717985
698,Germany,Female,50,8,199402.71474999996,1,1,0,92933.4222,1,0.8960077553246935
679,France,Male,44,7,212281.57682499997,1,1,0,98742.35339999999,1,0.6069082102790354
576,Germany,Male,73,3,196845.60809999995,1,1,0,56225.44530000001,1,0.9666744047844916
786,France,Male,42,9,0.0,2,1,0,107821.05210000002,0,0.39827630299402716
720,Spain,Male,41,4,186943.931575,1,0,0,111768.4089,1,0.5460207831404683
707,France,Male,42,9,0.0,2,0,0,24953.6862,0,0.4075685790937369
570,France,Female,39,4,202395.43967499997,1,1,1,106404.4917,0,0.45589417716581193
649,Spain,Female,46,6,114538.27327499997,1,0,0,16058.322900000003,1,0.707223198600313
541,France,Female,49,6,145269.76122499997,1,1,0,20484.2763,1,0.7738960140108421
620,Germany,Female,39,1,183483.96739999996,2,0,0,125307.4941,1,0.8032150756804897
569,France,Female,45,4,124228.54817499999,1,1,0,149646.0663,1,0.7248917078745626
630,Germany,Male,41,0,0.0,2,1,1,27924.863400000002,0,0.3875428303793465
587,France,Male,65,9,0.0,1,1,0,52320.3867,1,0.8107885700683044
753,Germany,Female,48,9,200711.47397499997,1,1,1,146472.2919,1,0.7546763968337421
633,Germany,Male,47,7,187195.047875,1,1,1,101112.3891,1,0.6394076749786982
663,France,Male,32,6,0.0,2,0,1,106779.9915,0,0.13518419532727904
790,France,Female,57,10,196571.38772499995,1,0,1,13057.1676,1,0.6938940808228167
502,Germany,Female,42,1,229243.24767499993,1,0,1,99438.7995,1,0.7337659807763993
738,France,Female,77,1,172787.95769999997,1,0,1,18437.406300000002,1,0.9047513674931529
627,Germany,Female,45,7,0.0,1,1,0,152051.7906,1,0.8025593139038231
501,Germany,Male,50,5,151632.00454999998,1,0,0,102494.0952,1,0.8509009935087565
792,Germany,Female,39,4,142303.36727499997,1,1,0,15326.9658,1,0.7391928138151039
625,Germany,Male,32,9,0.0,2,1,0,127229.0571,0,0.467606978226999
